event_name,team,event_date,event_time,season_name,plan,total_events,game_number,default_ticket_template_name,returnable,enabled,onsale_datetime,offsale_datetime,oss_onsale_datetime,oss_offsale_datetime,fror_seat_list_name,fror_min_seats,fror_max_seats,fror_assignment_type,fror_alert_text,fror_onsale_datetime,fror_offsale_datetime,plan_abv,barcode_status,barcode_event_slots,barcode_max_seats_per_row,event_line1,event_line2,event_line3,event_line4,event_line5,event_line6,event_line7,event_line8,event_line9,event_line10,inet_line1,inet_line2,inet_line3,inet_line4,inet_line5,inet_line6,inet_line7,inet_line8,inet_line9,inet_line10,auto_add_membership_name1,auto_add_membership_name2,auto_add_membership_name3,membership_reqd,pc_membership_reqd,ledger_code
250808HC,11. Boston,8/8/2025,20:00:00,25.11UP Boston Upsell,N,1,,,Y,Y,,,,,,,,S,,,,EXP,Y,1,32,,,,,,,,,,,,,,,,,,,,,,,,N,N,GEN
250809HC,11. Boston,8/9/2025,20:00:00,25.11UP Boston Upsell,N,1,,,Y,Y,,,,,,,,S,,,,EXP,Y,1,32,,,,,,,,,,,,,,,,,,,,,,,,N,N,GEN
25CHMG1,07. Chicago,7/11/2025,19:00:00,25.07UP Chicago Upsell,N,1,,,Y,Y,,,,,,,,S,,,,EXP,N,1,,,,,,,,,,,,,,,,,,,,,,,,,N,N,GEN
25CHMG2,07. Chicago,7/12/2025,19:00:00,25.07UP Chicago Upsell,N,1,,,Y,Y,,,,,,,,S,,,,EXP,N,1,,,,,,,,,,,,,,,,,,,,,,,,,N,N,GEN
250530H,01. Albany,5/30/2025,18:00:00,25.01UP Albany Upsell,N,1,,,N,N,,,,,,,,S,,,,EXP,Y,1,50,,,,,,,,,,,,,,,,,,,,,,,,N,N,GEN
250801,10. Denver,8/1/2025,18:00:00,25.10 Denver Suites,N,1,,,Y,Y,,,,,,,,S,,,,E,N,0,,,,,,,,,,,,,,,,,,,,,,,,,N,N,GEN
250802A,10. Denver,8/2/2025,11:00:00,25.10 Denver Suites,N,1,,,Y,Y,,,,,,,,S,,,,E,N,0,,,,,,,,,,,,,,,,,,,,,,,,,N,N,GEN
250802E,10. Denver,8/2/2025,18:00:00,25.10 Denver Suites,N,1,,,Y,Y,,,,,,,,S,,,,E,N,0,,,,,,,,,,,,,,,,,,,,,,,,,N,N,GEN
250621H,04. Baltimore,6/21/2025,16:00:00,25.04UP Baltimore Upsell,N,1,,,Y,Y,,,,,,,,S,,,,EXP,Y,1,50,,,,,,,,,,,,,,,,,,,,,,,,N,N,GEN
250622H,04. Baltimore,6/22/2025,12:00:00,25.04UP Baltimore Upsell,N,1,,,Y,Y,,,,,,,,S,,,,EXP,Y,1,50,,,,,,,,,,,,,,,,,,,,,,,,N,N,GEN
250211HC,00. Champ Series,2/11/2025,19:00:00,25.00PE Champ Series Premium Experiences,N,1,,,Y,N,,,,,,,,S,,,,EXP,Y,1,50,,,,,,,,,,,,,,,,,,,,,,,,N,N,GEN
250212HC,00. Champ Series,2/12/2025,19:00:00,25.00PE Champ Series Premium Experiences,N,1,,,Y,N,,,,,,,,S,,,,EXP,Y,1,50,,,,,,,,,,,,,,,,,,,,,,,,N,N,GEN
250213HC,00. Champ Series,2/13/2025,19:00:00,25.00PE Champ Series Premium Experiences,N,1,,,Y,N,,,,,,,,S,,,,EXP,Y,1,50,,,,,,,,,,,,,,,,,,,,,,,,N,N,GEN
250214HC,00. Champ Series,2/14/2025,18:00:00,25.00PE Champ Series Premium Experiences,N,1,,,Y,N,,,,,,,,S,,,,EXP,Y,1,50,,,,,,,,,,,,,,,,,,,,,,,,N,N,GEN
25215HCA,00. Champ Series,2/15/2025,12:30:00,25.00PE Champ Series Premium Experiences,N,1,,,Y,N,,,,,,,,S,,,,EXP,Y,1,50,,,,,,,,,,,,,,,,,,,,,,,,N,N,GEN
25CSALL,00. Champ Series,2/11/2025,23:59:00,25.00 Champ Series - TSJ,Y,9,,Ticket,N,N,,,12/11/2024 00:00,2/11/2025 23:59,,,,S,,,,FS,N,1,,,,,,,,,,,,,,,,,,,,,,2025,CHAMPSERIES,HOMEPASS,N,N,GEN
25215HCE,00. Champ Series,2/15/2025,18:00:00,25.00PE Champ Series Premium Experiences,N,1,,,Y,N,,,,,,,,S,,,,EXP,Y,1,50,,,,,,,,,,,,,,,,,,,,,,,,N,N,GEN
25216HCA,00. Champ Series,2/16/2025,10:30:00,25.00PE Champ Series Premium Experiences,N,1,,,Y,Y,,,,,,,,S,,,,EXP,Y,1,50,,,,,,,,,,,,,,,,,,,,,,,,N,N,GEN
25216HCE,00. Champ Series,2/16/2025,18:00:00,25.00PE Champ Series Premium Experiences,N,1,,,Y,Y,,,,,,,,S,,,,EXP,Y,1,50,,,,,,,,,,,,,,,,,,,,,,,,N,N,GEN
250217HC,00. Champ Series,2/17/2025,11:00:00,25.00PE Champ Series Premium Experiences,N,1,,,Y,Y,,,,,,,,S,,,,EXP,Y,1,50,,,,,,,,,,,,,,,,,,,,,,,,N,N,GEN
24PHP,2024 Philly Homecoming,6/15/2024,23:59:00,2024 Philly Nova Season,Y,3,,,Y,Y,,,,,,,,S,,,,FS,N,2,,,,,,,,,,,,,,,,,,,,,,,,,N,N,GEN
24PDAY1,2024 Philly  Day 1 Game 1,6/15/2024,12:30:00,2024 Philly Nova Season,N,1,1,,Y,Y,,,,,,,,S,,,,E,Y,2,50,PREMIER LACROSSE LEAGUE,,Boston Cannons vs. Philly Waterdogs,,Villanova Satdium,"Saturday, June 15, 2024 - 12:30 PM",,,,02006092B82C479B,PREMIER LACROSSE LEAGUE,,Boston Cannons vs. Philly Waterdogs,,Villanova Satdium,"Saturday, June 15, 2024 - 12:30 PM",,,,,,,,N,N,GEN
24PDAY3,2024 Philadelphia Day 2,6/16/2024,12:30:00,2024 Philly Nova Season,N,1,1,,Y,Y,,,,,,,,S,,,,E,Y,2,50,PREMIER LACROSSE LEAGUE,Game 1: Cali Redwoods vs. New York Atlas,Game 2: MD Whipsnakes vs. Philly Waterdogs,,Villanova Stadium,"Sunday, June 16, 2024 - 12:30 & 3:00 PM",,,,02006092B83247B3,PREMIER LACROSSE LEAGUE,Game 1: Cali Redwoods vs. New York Atlas,Game 2: MD Whipsnakes vs. Philly Waterdogs,,Villanova Stadium,"Sunday, June 16, 2024 - 12:30 & 3:00 PM",,,,,,,,N,N,GEN
25AUPG,TEST,5/30/2025,23:59:00,25.01 Albany Season,Y,2,,,N,N,,,2/9/2025 00:00,2/9/2025 23:59,,,,S,,,,PAP,N,1,,,,,,,,,,,,,,,,,,,,,,,,,N,N,GEN
250211,00. Champ Series,2/11/2025,19:00:00,25.00 Champ Series - TSJ,N,1,1,Ticket,N,N,,,,,,,,S,,,,E,Y,1,32,2025 LEXUS CHAMPIONSHIP SERIES,WLL CHARM VS CHARGING,PLL WHIPSNAKES VS ATLAS,,The St. James,"Tuesday, February 11, 2025 7 & 9 PM",,,,1500617AC47F300A,2025 LEXUS CHAMPIONSHIP SERIES,WLL CHARM VS CHARGING,PLL WHIPSNAKES VS ATLAS,,The St. James,"Tuesday, February 11, 2025 7 & 9 PM",,,,,2025,,,N,N,GEN
25APRO,Players Tour,5/28/2025,19:00:00,25.01UP Albany Upsell,N,1,,,N,N,,,,,,,,S,,,,SPE,Y,1,50,,,,,,,,,,0000623EDE0E5D87,,,,,,,,,,,,,,N,N,GEN
25CPRO,Players Tour,6/7/2025,09:00:00,25.02UP Charlotte Upsell,N,1,,,Y,Y,,,,,,,,S,,,,SPE,Y,1,50,,,,,,,,,,2D006243A6512945,,,,,,,,,,,,,,N,N,GEN
25PPRO,Players Tour,6/14/2025,09:00:00,25.03UP Philadelphia Upsell,N,1,,,Y,Y,,,,,,,,S,,,,SPE,Y,1,32,,,,,,,,,,02006243AC301D1A,,,,,,,,,,,,,,N,N,GEN
25BPRO,Players Tour,6/22/2025,09:00:00,25.04UP Baltimore Upsell,N,1,,,Y,Y,,,,,,,,S,,,,SPE,Y,1,50,,,,,,,,,,15006243C16820F9,,,,,,,,,,,,,,N,N,GEN
25SDPRO,Players Tour,6/10/2025,18:00:00,25.05UP San Diego Upsell,N,1,,,Y,Y,,,,,,,,S,,,,SPE,Y,1,50,,,,,,,,,,0A0062439EF914B1,,,,,,,,,,,,,,N,N,GEN
250211FP,00. Champ Series,2/11/2025,19:00:00,25.00PE Champ Series Premium Experiences,N,1,,,Y,N,,,,,,,,S,,,,EXP,Y,1,50,,,,,,,,,,,,,,,,,,,,,,,,N,N,GEN
25SLPRO,Players Tour,7/8/2025,20:00:00,25.09UP Salt Lake City Upsell,N,1,,,Y,Y,,,,,,,,S,,,,SPE,Y,1,50,,,,,,,,,,1E006243ADE31B21,,,,,,,,,,,,,,N,N,GEN
25BSPRO,Players Tour,8/9/2025,15:30:00,25.11UP Boston Upsell,N,1,,,Y,Y,,,,,,,,S,,,,SPE,Y,1,32,,,,,,,,,,01006243CADE3426,,,,,,,,,,,,,,N,N,GEN
250711S,07. Chicago,7/11/2025,18:00:00,25.07 Chicago Suites,N,1,,,Y,Y,,,,,,,,S,,,,E,N,0,,,,,,,,,,,,,,,,,,,,,,,,,N,N,GEN
250712S,07. Chicago,7/12/2025,18:00:00,25.07 Chicago Suites,N,1,,,Y,Y,,,,,,,,S,,,,E,N,0,,,,,,,,,,,,,,,,,,,,,,,,,N,N,GEN
250718,08. Fairfield,7/18/2025,18:30:00,25.08 Fairfield Suites,N,1,,,Y,Y,,,,,,,,S,,,,E,N,0,,,,,,,,,,,,,,,,,,,,,,,,,N,N,GEN
25CSDEP,00. Champ Series,2/15/2025,17:30:00,25.00D Champ Series Deposits,N,1,,,Y,Y,,,,,,,,S,,,,DEP,N,1,,,,,,,,,,,,,,,,,,,,,,,,,N,N,GEN
250719A,08. Fairfield,7/19/2025,15:00:00,25.08 Fairfield Suites,N,1,,,Y,Y,,,,,,,,S,,,,E,N,0,,,,,,,,,,,,,,,,,,,,,,,,,N,N,GEN
250719B,08. Fairfield,7/19/2025,20:00:00,25.08 Fairfield Suites,N,1,,,Y,Y,,,,,,,,S,,,,E,N,0,,,,,,,,,,,,,,,,,,,,,,,,,N,N,GEN
25CATER,Catering,9/30/2025,20:00:00,2025 Catering,N,1,,,Y,Y,,,,,,,,S,,,,E,N,1,,,,,,,,,,,,,,,,,,,,,,,,,N,N,GEN
24PDAY2,2024 Phily Day 1 Game 2,6/15/2024,19:00:00,2024 Philly Nova Season,N,1,1,,Y,Y,,,,,,,,S,,,,E,Y,2,50,PREMIER LACROSSE LEAGUE,,Utah Archers vs. Carolina Chaos,,Villanova Satdium,"Saturday, June 15, 2024 - 7:00 PM",,,,02006092B7EF473C,PREMIER LACROSSE LEAGUE,,Utah Archers vs. Carolina Chaos,TBD,Villanova Satdium,"Saturday, June 15, 2024 - 7:00 PM",,,,,,,,N,N,GEN
250901,13. Subaru Park,9/1/2025,16:00:00,25.13 Subaru Park Suites,N,1,,,Y,Y,,,,,,,,S,,,,E,N,0,,,,,,,,,,,,,,,,,,,,,,,,,N,N,GEN
25KCWP,06. Kansas City,7/4/2025,23:59:00,25.06 Kansas City ASG,Y,2,,,Y,Y,,,3/13/2025 07:00,7/4/2025 17:00,,,,S,,,,FS,N,2,,PREMIER LACROSSE LEAGUE,ALL STAR WEEKEND PASS,,CPKC STADIUM,KANSAS CITY,MULTIPLE DATES,,,,,PREMIER LACROSSE LEAGUE,ALL STAR WEEKEND PASS,,CPKC STADIUM,KANSAS CITY,MULTIPLE DATES,,,,,KANSASCITY,,2025,N,N,GEN
250212,00. Champ Series,2/12/2025,19:00:00,25.00 Champ Series - TSJ,N,1,2,Ticket,N,N,,,,,,,,S,,,,E,Y,1,32,2025 LEXUS CHAMPIONSHIP SERIES,PLL CANNONS VS ARCHERS,WLL GUARD VS PALMS,,The St. James,"Wednesday, February 12, 2025 7 & 9 PM",,,,1500617AC481300D,2025 LEXUS CHAMPIONSHIP SERIES,PLL CANNONS VS ARCHERS,WLL GUARD VS PALMS,,The St. James,"Wednesday, February 12, 2025 7 & 9 PM",,,,,2025,,,N,N,GEN
250213,00. Champ Series,2/13/2025,19:00:00,25.00 Champ Series - TSJ,N,1,3,Ticket,N,N,,,,,,,,S,,,,E,Y,1,32,2025 LEXUS CHAMPIONSHIP SERIES,PLL WHIPSNAKES VS CANNONS,WLL CHARM VS GUARD,,The St. James,"Thursday, February 13, 2025 7 & 9 PM",,,,1500617AC4823013,2025 LEXUS CHAMPIONSHIP SERIES,PLL WHIPSNAKES VS CANNONS,WLL CHARM VS GUARD,,The St. James,"Thursday, February 13, 2025 7 & 9 PM",,,,,2025,,,N,N,GEN
250214,00. Champ Series,2/14/2025,18:00:00,25.00 Champ Series - TSJ,N,1,4,Ticket,N,N,,,,,,,,S,,,,E,Y,1,32,2025 LEXUS CHAMPIONSHIP SERIES,WLL PALMS VS CHARGING,PLL ATLAS VS ARCHERS,,The St. James,"Friday, February 14, 2025 6 & 8 PM",,,,1500617AC4843030,2025 LEXUS CHAMPIONSHIP SERIES,WLL PALMS VS CHARGING,PLL ATLAS VS ARCHERS,,The St. James,"Friday, February 14, 2025 6 & 8 PM",,,,,2025,,,N,N,GEN
250215A,00. Champ Series,2/15/2025,12:30:00,25.00 Champ Series - TSJ,N,1,5,Ticket,N,N,,,,,,,,S,,,,E,Y,1,32,2025 LEXUS CHAMPIONSHIP SERIES,WLL Charm vs Palms,WLL Charging vs Guard,,The St. James,"Saturday, February 15, 2025 - 12:30 PM & 2:30 PM",,,,1500617AC486303F,2025 LEXUS CHAMPIONSHIP SERIES,WLL Charm vs Palms,WLL Charging vs Guard,,The St. James,"Saturday, February 15, 2025 - 12:30 PM & 2:30 PM",,,,,2025,,,N,N,GEN
250215E,00. Champ Series,2/15/2025,18:00:00,25.00 Champ Series - TSJ,N,1,6,Ticket,N,N,,,,,,,,S,,,,E,Y,1,32,2025 LEXUS CHAMPIONSHIP SERIES,PLL ATLAS VS CANNONS,PLL WHIPSNAKES VS ARCHERS,,The St. James,"Saturday, February 15, 2025 6 PM & 8 PM",,,,1500617AC488307F,2025 LEXUS CHAMPIONSHIP SERIES,PLL ATLAS VS CANNONS,PLL WHIPSNAKES VS ARCHERS,,The St. James,"Saturday, February 15, 2025 6 PM & 8 PM",,,,,2025,,,N,N,GEN
250216A,00. Champ Series,2/16/2025,10:30:00,25.00 Champ Series - TSJ,N,1,7,Ticket,N,N,,,,,,,,S,,,,E,Y,1,32,2025 LEXUS CHAMPIONSHIP SERIES,WLL SEMIFINALS,,,The St. James,"Sunday, February 16, 2025 10:30 AM",,,,1500617AC4893081,2025 LEXUS CHAMPIONSHIP SERIES,WLL SEMIFINALS,Game 1: TBD,,The St. James,"Sunday, February 16, 2025 10:30 AM",,,,,2025,,,N,N,GEN
250216E,00. Champ Series,2/16/2025,18:00:00,25.00 Champ Series - TSJ,N,1,8,Ticket,N,N,,,,,,,,S,,,,E,Y,1,32,2025 LEXUS CHAMPIONSHIP SERIES,PLL Semifinals,,,The St. James,"Sunday, February 16, 2025 6:00 PM",,,,1500617AC48B3085,2025 LEXUS CHAMPIONSHIP SERIES,PLL Semifinals,Game 1: TBD,,The St. James,"Sunday, February 16, 2025 6:00 PM",,,,,2025,,,N,N,GEN
250217,00. Champ Series,2/17/2025,11:00:00,25.00 Champ Series - TSJ,N,1,9,Ticket,N,N,,,,,,,,S,,,,E,Y,1,32,2025 LEXUS CHAMPIONSHIP SERIES,,WLL Championship 11 AM,PLL Championship 1:30 PM,The St. James,"Monday, February 17, 2025",,,,1500617AC48D309C,2025 LEXUS CHAMPIONSHIP SERIES,Finals,WLL Championship 11 AM,PLL Championship 1:30 PM,The St. James,"Monday, February 17, 2025",,,,,2025,,,N,N,GEN
250212FP,00. Champ Series,2/12/2025,19:00:00,25.00PE Champ Series Premium Experiences,N,1,,,Y,N,,,,,,,,S,,,,EXP,Y,1,50,,,,,,,,,,,,,,,,,,,,,,,,N,N,GEN
250213FP,00. Champ Series,2/13/2025,19:00:00,25.00PE Champ Series Premium Experiences,N,1,,,Y,N,,,,,,,,S,,,,EXP,Y,1,50,,,,,,,,,,,,,,,,,,,,,,,,N,N,GEN
250214FP,00. Champ Series,2/14/2025,18:00:00,25.00PE Champ Series Premium Experiences,N,1,,,Y,N,,,,,,,,S,,,,EXP,Y,1,50,,,,,,,,,,,,,,,,,,,,,,,,N,N,GEN
25215FPA,00. Champ Series,2/15/2025,12:30:00,25.00PE Champ Series Premium Experiences,N,1,,,Y,N,,,,,,,,S,,,,EXP,Y,1,50,,,,,,,,,,,,,,,,,,,,,,,,N,N,GEN
25215FPB,00. Champ Series,2/15/2025,18:00:00,25.00PE Champ Series Premium Experiences,N,1,,,Y,N,,,,,,,,S,,,,EXP,Y,1,50,,,,,,,,,,,,,,,,,,,,,,,,N,N,GEN
25216FPA,00. Champ Series,2/16/2025,18:00:00,25.00PE Champ Series Premium Experiences,N,1,,,Y,Y,,,,,,,,S,,,,EXP,Y,1,50,,,,,,,,,,,,,,,,,,,,,,,,N,N,GEN
25216FPB,00. Champ Series,2/16/2025,18:00:00,25.00PE Champ Series Premium Experiences,N,1,,,Y,Y,,,,,,,,S,,,,EXP,Y,1,50,,,,,,,,,,,,,,,,,,,,,,,,N,N,GEN
250914,14. Championship,9/14/2025,12:30:00,25.14 NY Championship Suites,N,1,,,Y,Y,,,,,,,,S,,,,E,N,0,,,,,,,,,,,,,,,,,,,,,,,,,N,N,GEN
250211MG,00. Champ Series,2/11/2025,19:00:00,25.00PE Champ Series Premium Experiences,N,1,,,Y,N,,,,,,,,S,,,,EXP,Y,1,50,,,,,,,,,,,,,,,,,,,,,,,,N,N,GEN
250212MG,00. Champ Series,2/12/2025,19:00:00,25.00PE Champ Series Premium Experiences,N,1,,,Y,N,,,,,,,,S,,,,EXP,Y,1,50,,,,,,,,,,,,,,,,,,,,,,,,N,N,GEN
250213MG,00. Champ Series,2/13/2025,19:00:00,25.00PE Champ Series Premium Experiences,N,1,,,Y,N,,,,,,,,S,,,,E,Y,1,50,,,,,,,,,,,,,,,,,,,,,,,,N,N,GEN
250214MG,00. Champ Series,2/14/2025,18:00:00,25.00PE Champ Series Premium Experiences,N,1,,,Y,N,,,,,,,,S,,,,E,Y,1,50,,,,,,,,,,,,,,,,,,,,,,,,N,N,GEN
25215MGA,00. Champ Series,2/15/2025,12:30:00,25.00PE Champ Series Premium Experiences,N,1,,,Y,N,,,,,,,,S,,,,E,Y,1,50,,,,,,,,,,,,,,,,,,,,,,,,N,N,GEN
25215MGB,00. Champ Series,2/15/2025,18:00:00,25.00PE Champ Series Premium Experiences,N,1,,,Y,N,,,,,,,,S,,,,E,Y,1,50,,,,,,,,,,,,,,,,,,,,,,,,N,N,GEN
25216MGA,00. Champ Series,2/16/2025,10:30:00,25.00PE Champ Series Premium Experiences,N,1,,,Y,Y,,,,,,,,S,,,,E,Y,1,50,,,,,,,,,,,,,,,,,,,,,,,,N,N,GEN
25216MGB,00. Champ Series,2/16/2025,18:00:00,25.00PE Champ Series Premium Experiences,N,1,,,Y,Y,,,,,,,,S,,,,E,Y,1,50,,,,,,,,,,,,,,,,,,,,,,,,N,N,GEN
25CSFLEX,00. Champ Series,2/11/2025,23:59:00,25.00 Champ Series - TSJ,Y,9,,,N,N,,,12/11/2024 00:00,2/11/2025 23:59,,,,S,,,,PAP,N,1,,,,,,,,,,,,,,,,,,,,,,2025,CHAMPSERIES,HOMEPASS,N,N,GEN
250613H,03. Philadelphia,6/13/2025,18:00:00,25.03UP Philadelphia Upsell,N,1,,,Y,Y,,,,,,,,S,,,,EXP,Y,1,32,,,,,,,,,,,,,,,,,,,,,,,,N,N,GEN
250212D,2025 Champ Series Suites,2/12/2025,19:00:00,25.00SD Champ Series Suite Deposits,N,1,,,Y,Y,,,,,,,,S,,,,DEP,N,1,,,,,,,,,,,,,,,,,,,,,,,,,N,N,GEN
250213D,2025 Champ Series Suites,2/13/2025,19:00:00,25.00SD Champ Series Suite Deposits,N,1,,,Y,Y,,,,,,,,S,,,,DEP,N,1,,,,,,,,,,,,,,,,,,,,,,,,,N,N,GEN
250614AH,03. Philadelphia,6/14/2025,13:00:00,25.03UP Philadelphia Upsell,N,1,,,Y,Y,,,,,,,,S,,,,EXP,Y,1,32,,,,,,,,,,,,,,,,,,,,,,,,N,N,GEN
250531AH,01. Albany,5/31/2025,13:00:00,25.01UP Albany Upsell,N,1,,,N,N,,,,,,,,S,,,,EXP,Y,1,50,,,,,,,,,,,,,,,,,,,,,,,,N,N,GEN
250531EH,01. Albany,5/31/2025,19:00:00,25.01UP Albany Upsell,N,1,,,N,N,,,,,,,,S,,,,EXP,Y,1,50,,,,,,,,,,,,,,,,,,,,,,,,N,N,GEN
250530M,01. Albany,5/30/2025,18:00:00,25.01UP Albany Upsell,N,1,,,N,N,,,,,,,,S,,,,EXP,Y,1,50,,,,,,,,,,,,,,,,,,,,,,,,N,N,GEN
250216ED,2025 Champ Series Suites,2/16/2025,18:00:00,25.00SD Champ Series Suite Deposits,N,1,,,Y,Y,,,,,,,,S,,,,DEP,N,1,,,,,,,,,,,,,,,,,,,,,,,,,N,N,GEN
250531AM,01. Albany,5/31/2025,13:00:00,25.01UP Albany Upsell,N,1,,,N,N,,,,,,,,S,,,,EXP,Y,1,50,,,,,,,,,,,,,,,,,,,,,,,,N,N,GEN
TESTPLAN,TEST,12/31/2025,23:59:00,TEST The St. James,Y,5,,,Y,Y,,,,,,,,S,,,,FS,N,1,,,,,,,,,,,,,,,,,,,,,,,,,Y,N,GEN
TESTEVT1,TEST,12/1/2025,20:00:00,TEST The St. James,N,1,,,Y,Y,,,,,,,,S,,,,E,N,1,,,,,,,,,,,,,,,,,,,,,,,,,Y,N,GEN
TESTEVT2,TEST,12/2/2025,20:00:00,TEST The St. James,N,1,,,Y,Y,,,,,,,,S,,,,E,N,1,,,,,,,,,,,,,,,,,,,,,,,,,Y,N,GEN
TESTEVT3,TEST,12/3/2025,20:00:00,TEST The St. James,N,1,,,Y,Y,,,,,,,,S,,,,E,N,1,,,,,,,,,,,,,,,,,,,,,,,,,Y,N,GEN
TESTEVT4,TEST,12/4/2025,20:00:00,TEST The St. James,N,1,,,Y,Y,,,,,,,,S,,,,E,N,1,,,,,,,,,,,,,,,,,,,,,,,,,Y,N,GEN
TESTEVT5,TEST,12/5/2025,20:00:00,TEST The St. James,N,1,,,Y,Y,,,,,,,,S,,,,E,N,1,,,,,,,,,,,,,,,,,,,,,,,,,Y,N,GEN
250531EM,01. Albany,5/31/2025,19:00:00,25.01UP Albany Upsell,N,1,,,N,N,,,,,,,,S,,,,EXP,Y,1,50,,,,,,,,,,,,,,,,,,,,,,,,N,N,GEN
25AHP,01. Albany,5/31/2025,23:59:00,25.01 Albany Season,Y,3,,,N,N,,,1/29/2025 06:00,5/31/2025 23:59,,,,S,,,,FS,N,1,,,,,,,,,,,,,,,,,,,,,,2025,ALBANY,HOMEPASS,N,N,GEN
250531A,01. Albany,5/31/2025,13:00:00,25.01 Albany Season,N,1,11,Ticket,N,N,,,,,,,,S,,,,E,Y,1,32,PREMIER LACROSSE LEAGUE,MARYLAND WHIPSNAKES,vs,UTAH ARCHERS,TOM & MARY CASEY STADIUM,SAT MAY 31 2025 1:00 PM,,,,00006226D76B2545,PREMIER LACROSSE LEAGUE,MARYLAND WHIPSNAKES,vs,UTAH ARCHERS,TOM & MARY CASEY STADIUM,SAT MAY 31 2025 1:00 PM,,,,,2025,ALBANY,,N,N,GEN
250531E,01. Albany,5/31/2025,19:00:00,25.01 Albany Season,N,1,12,Ticket,N,N,,,,,,,,S,,,,E,Y,1,32,PREMIER LACROSSE LEAGUE,BOSTON CANNONS,vs,NEW YORK ATLAS,TOM & MARY CASEY STADIUM,SAT MAY 31 2025 7:00 PM,,,,00006226D76D254B,PREMIER LACROSSE LEAGUE,BOSTON CANNONS,vs,NEW YORK ATLAS,TOM & MARY CASEY STADIUM,SAT MAY 31 2025 7:00 PM,,,,,2025,ALBANY,,N,Y,GEN
250530,01. Albany,5/30/2025,18:00:00,25.01 Albany Season,N,1,10,Ticket,N,N,,,,,,,,S,,,,E,Y,1,32,PREMIER LACROSSE LEAGUE,GAME 1: CHAOS vs ATLAS,---,GAME 2: REDWOODS vs OUTLAWS,TOM & MARY CASEY STADIUM,FRI MAY 30 2025 6:00 & 8:30 PM,,,,00006226D7692526,PREMIER LACROSSE LEAGUE,GAME 1: CHAOS vs ATLAS,---,GAME 2: REDWOODS vs OUTLAWS,TOM & MARY CASEY STADIUM,FRI MAY 30 2025 6:00 & 8:30 PM,,,,,2025,ALBANY,,N,N,GEN
25CHP,02. Charlotte,6/6/2025,23:59:00,25.02 Charlotte Season,Y,3,,,Y,Y,,,1/29/2025 06:00,6/6/2025 20:00,,,,S,,,,FS,N,2,,,,,,,,,,,,,,,,,,,,,,2025,CHARLOTTE,HOMEPASS,N,N,GEN
250606,02. Charlotte,6/6/2025,18:00:00,25.02 Charlotte Season,N,1,13,Ticket,Y,Y,,,,,,,,S,,,,E,Y,2,32,PREMIER LACROSSE LEAGUE,GAME 1: OUTLAWS vs CHAOS,---,GAME 2: WATERDOGS vs WHIPSNAKES,AMERICAN LEGION MEMORIAL STADIUM,FRI JUNE 6 2025 6:00 & 8:30 PM,,,,2D006227A73B262C,PREMIER LACROSSE LEAGUE,GAME 1: OUTLAWS vs CHAOS,---,GAME 2: WATERDOGS vs WHIPSNAKES,AMERICAN LEGION MEMORIAL STADIUM,FRI JUNE 6 2025 6:00 & 8:30 PM,,,,,2025,CHARLOTTE,,N,N,GEN
250607A,02. Charlotte,6/7/2025,13:00:00,25.02 Charlotte Season,N,1,14,Ticket,Y,Y,,,,,,,,S,,,,E,Y,2,32,PREMIER LACROSSE LEAGUE,UTAH ARCHERS,vs,BOSTON CANNONS,AMERICAN LEGION MEMORIAL STADIUM,SAT JUNE 7 2025 1:00 PM,,,,2D006227A73E2635,PREMIER LACROSSE LEAGUE,UTAH ARCHERS,vs,BOSTON CANNONS,AMERICAN LEGION MEMORIAL STADIUM,SAT JUNE 7 2025 1:00 PM,,,,,2025,CHARLOTTE,,N,N,GEN
25PHP,03. Philadelphia,6/13/2025,23:59:00,25.03 Philadelphia Season,Y,3,,,Y,Y,,,1/29/2025 06:00,6/13/2025 20:00,,,,S,,,,FS,N,2,,,,,,,,,,,,,,,,,,,,,,2025,PHILADELPHIA,HOMEPASS,N,N,GEN
250613,03. Philadelphia,6/13/2025,18:00:00,25.03 Philadelphia Season,N,1,16,Ticket,Y,Y,,,,,,,,S,,,,E,Y,2,32,PREMIER LACROSSE LEAGUE,GAME 1: CANNONS vs WATERDOGS,---,GAME 2: REDWOODS vs ARCHERS,VILLANOVA STADIUM,FRI JUNE 13 2025 6:00 & 8:30 PM,,,,02006227B8E4179C,PREMIER LACROSSE LEAGUE,GAME 1: CANNONS vs WATERDOGS,---,GAME 2: REDWOODS vs ARCHERS,VILLANOVA STADIUM,FRI JUNE 13 2025 6:00 & 8:30 PM,,,,,2025,PHILADELPHIA,,N,N,GEN
250614A,03. Philadelphia,6/14/2025,13:00:00,25.03 Philadelphia Season,N,1,17,Ticket,Y,Y,,,,,,,,S,,,,E,Y,2,32,PREMIER LACROSSE LEAGUE,NEW YORK ATLAS,vs,MARYLAND WHIPSNAKES,VILLANOVA STADIUM,SAT JUNE 14 2025 1:00 PM,,,,02006227B8E2178D,PREMIER LACROSSE LEAGUE,NEW YORK ATLAS,vs,MARYLAND WHIPSNAKES,VILLANOVA STADIUM,SAT JUNE 14 2025 1:00 PM,,,,,2025,PHILADELPHIA,,N,N,GEN
250614E,03. Philadelphia,6/14/2025,19:00:00,25.03 Philadelphia Season,N,1,18,Ticket,Y,Y,,,,,,,,S,,,,E,Y,2,32,PREMIER LACROSSE LEAGUE,DENVER OUTLAWS,vs,PHILADELPHIA WATERDOGS,VILLANOVA STADIUM,SAT JUNE 14 2025 7:00 PM,,,,02006227B8E0178A,PREMIER LACROSSE LEAGUE,DENVER OUTLAWS,vs,PHILADELPHIA WATERDOGS,VILLANOVA STADIUM,SAT JUNE 14 2025 7:00 PM,,,,,2025,PHILADELPHIA,,N,Y,GEN
25BHP,04. Baltimore,6/20/2025,23:59:00,25.04 Baltimore Season,Y,2,,,Y,Y,,,1/29/2025 06:00,6/20/2025 20:00,,,,S,,,,FS,N,1,,,,,,,,,,,,,,,,,,,,,,2025,BALTIMORE,HOMEPASS,N,N,GEN
250621,04. Baltimore,6/21/2025,16:00:00,25.04 Baltimore Season,N,1,19,Ticket,Y,Y,,,,,,,,S,,,,E,Y,1,32,PREMIER LACROSSE LEAGUE,GAME 1: ATLAS vs WATERDOGS,---,GAME 2: CANNONS vs WHIPSNAKES,HOMEWOOD FIELD,SAT JUNE 21 2025 4:00 & 7:00 PM,,,,1500622FA35718BC,PREMIER LACROSSE LEAGUE,GAME 1: ATLAS vs WATERDOGS,---,GAME 2: CANNONS vs WHIPSNAKES,HOMEWOOD FIELD,SAT JUNE 21 2025 4:00 & 6:30 PM,,,,,2025,BALTIMORE,,N,Y,GEN
250622,04. Baltimore,6/22/2025,12:00:00,25.04 Baltimore Season,N,1,20,Ticket,Y,Y,,,,,,,,S,,,,E,Y,1,32,PREMIER LACROSSE LEAGUE,GAME 1: ARCHERS vs OUTLAWS,---,GAME 2: CHAOS vs WHIPSNAKES,HOMEWOOD FIELD,SUN JUNE 22 2025 12:00 & 2:30 PM,,,,1500622FA35918CB,PREMIER LACROSSE LEAGUE,GAME 1: ARCHERS vs OUTLAWS,---,GAME 2: CHAOS vs WHIPSNAKES,HOMEWOOD FIELD,SUN JUNE 22 2025 12:00 & 2:30 PM,,,,,2025,BALTIMORE,,N,N,GEN
25SDHP,05. San Diego,6/27/2025,23:59:00,25.05 San Diego Season,Y,2,,,Y,Y,,,1/29/2025 06:00,6/27/2025 20:00,,,,S,,,,FS,N,1,,,,,,,,,,,,,,,,,,,,,,2025,SANDIEGO,HOMEPASS,N,N,GEN
250627,05. San Diego,6/27/2025,18:00:00,25.05 San Diego Season,N,1,21,Ticket,Y,Y,,,,,,,,S,,,,E,Y,1,32,PREMIER LACROSSE LEAGUE,GAME 1: OUTLAWS vs REDWOODS,---,GAME 2: ARCHERS vs ATLAS,TORERO STADIUM,FRI JUNE 27 2025 6:00 & 8:30 PM,,,,0A006227ACB715EF,PREMIER LACROSSE LEAGUE,GAME 1: OUTLAWS vs REDWOODS,---,GAME 2: ARCHERS vs ATLAS,TORERO STADIUM,FRI JUNE 27 2025 6:00 & 8:30 PM,,,,,2025,SANDIEGO,,N,N,GEN
250628,05. San Diego,6/28/2025,15:00:00,25.05 San Diego Season,N,1,22,Ticket,Y,Y,,,,,,,,S,,,,E,Y,1,32,PREMIER LACROSSE LEAGUE,GAME 1: WATERDOGS vs REDWOODS,---,GAME 2: CANNONS vs CHAOS,TORERO STADIUM,SAT JUNE 28 2025 3:00 & 5:30 PM,,,,0A006227ACBA15F4,PREMIER LACROSSE LEAGUE,GAME 1: WATERDOGS vs REDWOODS,---,GAME 2: CANNONS vs CHAOS,TORERO STADIUM,SAT JUNE 28 2025 3:00 & 5:30 PM,,,,,2025,SANDIEGO,,N,Y,GEN
25SLHP,09. Salt Lake City,8/1/2025,23:59:00,25.09 Salt Lake City Season,Y,2,,,Y,Y,,,1/29/2025 06:00,8/1/2025 23:59,,,,S,,,,FS,N,1,,,,,,,,,,,,,,,,,,,,,,2025,SALTLAKE,HOMEPASS,N,N,GEN
25BSHP,11. Boston,8/8/2025,23:59:00,25.11 Boston Season,Y,3,,,Y,Y,,,1/29/2025 06:00,8/8/2025 20:00,,,,S,,,,FS,N,3,,,,,,,,,,,,,,,,,,,,,,2025,BOSTON,HOMEPASS,N,N,GEN
250704,06. Kansas City,7/4/2025,17:30:00,25.06 Kansas City ASG,N,1,,,Y,Y,,,,,,,,S,,,,E,Y,2,32,PREMIER LACROSSE LEAGUE,MAYBELLINE WLL ALL-STAR GAME,,CPKC STADIUM,SKILLS COMPETITION 5:30 PM,FRI JULY 4 2025 7:00 PM,,,,06006267D1638C0D,PREMIER LACROSSE LEAGUE,MAYBELLINE WLL ALL-STAR GAME,,CPKC STADIUM,SKILLS COMPETITION 5:30 PM,FRI JULY 4 2025 7:00 PM,,,,,KANSASCITY,2025,,N,N,GEN
250705,06. Kansas City,7/5/2025,12:00:00,25.06 Kansas City ASG,N,1,,,Y,Y,,,,,,,,S,,,,E,Y,2,32,PREMIER LACROSSE LEAGUE,LEXUS PLL ALL-STAR GAME,,CPKC STADIUM,KANSAS CITY,SAT JULY 5 2025 12:00 PM,,,,06006267D1658C11,PREMIER LACROSSE LEAGUE,LEXUS PLL ALL-STAR GAME,,CPKC STADIUM,KANSAS CITY,SAT JULY 5 2025 12:00 PM,,,,,KANSASCITY,2025,,N,N,GEN
250823PK,Parking,8/23/2025,17:00:00,25.12PK Minnesota Parking,N,1,,,Y,Y,,,,,,,,S,,,,PRK,Y,1,50,,TCO STADIUM PARKING,,,,SAT AUG 23 2025,,,,06006274886319A8,,TCO STADIUM PARKING,,,,SAT AUG 23 2025,,,,,,,,N,N,GEN
25CHHC1,07. Chicago,7/11/2025,19:00:00,25.07UP Chicago Upsell,N,1,,,Y,Y,,,,,,,,S,,,,EXP,N,1,,,,,,,,,,,,,,,,,,,,,,,,,N,N,GEN
25CHHC2,07. Chicago,7/12/2025,19:00:00,25.07UP Chicago Upsell,N,1,,,Y,Y,,,,,,,,S,,,,EXP,N,1,,,,,,,,,,,,,,,,,,,,,,,,,N,N,GEN
24BALDUE,Balance Due,12/31/2024,20:00:00,2024 Season Balance Due,N,1,,,Y,Y,,,,,,,,S,,,,SPE,N,1,,,,,,,,,,,,,,,,,,,,,,,,,N,N,GEN
250705PK,Parking,7/5/2025,12:00:00,25.06PK Kansas City ASG Parking,N,1,,,Y,Y,,,,,,,,S,,,,E,Y,1,32,,,,,,,,,,06006281A93D7AB9,,,,,,,,,,,,,,N,N,GEN
TSTPASS,TEST,10/3/2025,23:59:00,TEST - Baltimore,Y,2,,,Y,Y,,,1/9/2025 00:00,2/27/2025 23:59,,,,S,,,,FS,N,1,,,,,,,,,,,,,,,,,,,,,,,,,Y,N,GEN
TSTDAY1,TEST,10/3/2025,20:00:00,TEST - Baltimore,N,1,,,Y,Y,,,,,,,,S,,,,E,Y,1,32,Premier Lacrosse League,OPPONENT,vs,OPPONENT,Logan's Lair,"FRI SEPT 19, 2025 8:00 PM",,,,,Premier Lacrosse League,OPPONENT,vs,OPPONENT,Logan's Lair,"FRI SEPT 19, 2025 8:00 PM",,,,,,,,Y,N,GEN
TSTDAY2,TEST,10/4/2025,20:00:00,TEST - Baltimore,N,1,,,Y,Y,,,,,,,,S,,,,E,Y,1,32,,,,,,,,,,,,,,,,,,,,,,,,Y,N,GEN
TSTPLUS,TEST,12/4/2025,20:00:00,TEST GA Season,N,1,,,Y,Y,,,,,,,,S,,,,PSL,N,1,,TICKET LINE 1,TICKET LINE 2,TICKET LINE 3,TICKET LINE 4,TICKET LINE 5,TICKET LINE 6,,,,,TICKET LINE 1,TICKET LINE 2,TICKET LINE 3,TICKET LINE 4,TICKET LINE 5,TICKET LINE 6,,,,,,,,Y,N,GEN
TSTVIP,TEST,12/4/2025,20:00:00,TEST GA Season,N,1,,,Y,Y,,,,,,,,S,,,,PSL,N,1,,TICKET LINE 1,TICKET LINE 2,TICKET LINE 3,TICKET LINE 4,TICKET LINE 5,TICKET LINE 6,,,,,TICKET LINE 1,TICKET LINE 2,TICKET LINE 3,TICKET LINE 4,TICKET LINE 5,TICKET LINE 6,,,,,,,,Y,N,GEN
TSTPRO,TEST,12/4/2025,20:00:00,TEST GA Season,N,1,,,Y,Y,,,,,,,,S,,,,PSL,N,1,,TICKET LINE 1,TICKET LINE 2,TICKET LINE 3,TICKET LINE 4,TICKET LINE 5,TICKET LINE 6,,,,,TICKET LINE 1,TICKET LINE 2,TICKET LINE 3,TICKET LINE 4,TICKET LINE 5,TICKET LINE 6,,,,,,,,Y,N,GEN
250607E,02. Charlotte,6/7/2025,19:00:00,25.02 Charlotte Season,N,1,15,Ticket,Y,Y,,,,,,,,S,,,,E,Y,2,32,PREMIER LACROSSE LEAGUE,CALIFORNIA REDWOODS,vs,CAROLINA CHAOS,AMERICAN LEGION MEMORIAL STADIUM,SAT JUNE 7 2025 7:00 PM,,,,2D006227A73F2644,PREMIER LACROSSE LEAGUE,DENVER OUTLAWS,vs,CAROLINA CHAOS,AMERICAN LEGION MEMORIAL STADIUM,SAT JUNE 7 2025 7:00 PM,,,,,2025,CHARLOTTE,,N,Y,GEN
250725,09. Salt Lake City,7/25/2025,18:00:00,25.09 Salt Lake City Season,N,1,28,Ticket,Y,Y,,,,,,,,S,,,,E,Y,1,32,PREMIER LACROSSE LEAGUE,GAME 1: REDWOODS vs ARCHERS,---,GAME 2: WHIPSNAKES vs ATLAS,ZIONS BANK STADIUM,FRI JUL 25 2025 6:00 & 8:30 PM,,,,1E006227F1512B14,PREMIER LACROSSE LEAGUE,GAME 1: REDWOODS vs ARCHERS,---,GAME 2: WHIPSNAKES vs ATLAS,ZIONS BANK STADIUM,FRI JUL 25 2025 6:00 & 8:30 PM,,,,,2025,SALTLAKE,,N,N,GEN
250726,09. Salt Lake City,7/26/2025,16:30:00,25.09 Salt Lake City Season,N,1,29,Ticket,Y,Y,,,,,,,,S,,,,E,Y,1,32,PREMIER LACROSSE LEAGUE,GAME 1: WATERDOGS vs CHAOS,---,GAME 2: OUTLAWS vs ARCHERS,ZIONS BANK STADIUM,SAT JUL 26 2025 4:30 & 7:00  PM,,,,1E006227F1532B35,PREMIER LACROSSE LEAGUE,GAME 1: WATERDOGS vs CHAOS,---,GAME 2: OUTLAWS vs ARCHERS,ZIONS BANK STADIUM,SAT JUL 26 2025 4:30 & 7:00  PM,,,,,2025,SALTLAKE,,N,Y,GEN
250808,11. Boston,8/8/2025,18:30:00,25.11 Boston Season,N,1,33,Ticket,Y,Y,,,,,,,,S,,,,E,Y,3,32,PREMIER LACROSSE LEAGUE,GAME 1: REDWOODS vs CANNONS,---,GAME 2: CHAOS vs ARCHERS,HARVARD STADIUM,FRI AUG 8 2025 6:30 & 9:00  PM,,,,01006228A06C1A2C,PREMIER LACROSSE LEAGUE,GAME 1: REDWOODS vs CANNONS,---,GAME 2: CHAOS vs ARCHERS,HARVARD STADIUM,FRI AUG 8 2025 6:30 & 9:00  PM,,,,,2025,BOSTON,,N,N,GEN
250809A,11. Boston,8/9/2025,13:00:00,25.11 Boston Season,N,1,34,Ticket,Y,Y,,,,,,,,S,,,,E,Y,3,32,PREMIER LACROSSE LEAGUE,PHILADELPHIA WATERDOGS,vs,NEW YORK ATLAS,HARVARD STADIUM,SAT AUG 9 2025 1:00 PM,,,,01006228A06F1A30,PREMIER LACROSSE LEAGUE,PHILADELPHIA WATERDOGS,vs,NEW YORK ATLAS,HARVARD STADIUM,SAT AUG 9 2025 1:00 PM,,,,,2025,BOSTON,,N,N,GEN
250809E,11. Boston,8/9/2025,19:00:00,25.11 Boston Season,N,1,35,Ticket,Y,Y,,,,,,,,S,,,,E,Y,3,32,PREMIER LACROSSE LEAGUE,MARYLAND WHIPSNAKES,vs,BOSTON CANNONS,HARVARD STADIUM,SAT AUG 9 2025 7:00 PM,,,,01006228A0711A38,PREMIER LACROSSE LEAGUE,MARYLAND WHIPSNAKES,vs,BOSTON CANNONS,HARVARD STADIUM,SAT AUG 9 2025 8:00 PM,,,,,2025,BOSTON,,N,Y,GEN
250823,12. Minneapolis,8/23/2025,17:00:00,25.12 Minnesota Season,N,1,36,Ticket,Y,Y,,,,,,,,S,,,,E,Y,2,32,PLL & WLL QUARTERFINALS,Game 1: TBD vs TBD,,Game 2: TBD vs TBD,TCO STADIUM,SAT AUG 23 2025 5 & 7:30 PM,,,,060062289B604602,PLL & WLL QUARTERFINALS,Game 1: TBD vs TBD,,Game 2: TBD vs TBD,TCO STADIUM,SAT AUG 23 2025 5 & 7:30 PM,,,,,2025,MINNESOTA,,N,N,GEN
D250530,01. Albany,5/30/2025,18:00:00,2025 Deposit Events,N,1,,,Y,Y,,,,,,,,S,,,,DEP,N,1,,,,,,,,,,,,,,,,,,,,,,,,,N,N,GEN
D250531A,01. Albany,5/31/2025,13:00:00,2025 Deposit Events,N,1,,,Y,Y,,,,,,,,S,,,,DEP,N,1,,,,,,,,,,,,,,,,,,,,,,,,,N,N,GEN
D250531E,01. Albany,5/31/2025,19:00:00,2025 Deposit Events,N,1,,,Y,Y,,,,,,,,S,,,,DEP,N,1,,,,,,,,,,,,,,,,,,,,,,,,,N,N,GEN
D250606,02. Charlotte,6/6/2025,18:00:00,2025 Deposit Events,N,1,,,Y,Y,,,,,,,,S,,,,DEP,N,1,,,,,,,,,,,,,,,,,,,,,,,,,N,N,GEN
D250607A,02. Charlotte,6/7/2025,13:00:00,2025 Deposit Events,N,1,,,Y,Y,,,,,,,,S,,,,DEP,N,1,,,,,,,,,,,,,,,,,,,,,,,,,N,N,GEN
D250607E,02. Charlotte,6/7/2025,19:00:00,2025 Deposit Events,N,1,,,Y,Y,,,,,,,,S,,,,DEP,N,1,,,,,,,,,,,,,,,,,,,,,,,,,N,N,GEN
D250613,03. Philadelphia,6/13/2025,18:00:00,2025 Deposit Events,N,1,,,Y,Y,,,,,,,,S,,,,DEP,N,1,,,,,,,,,,,,,,,,,,,,,,,,,N,N,GEN
D250614A,03. Philadelphia,6/14/2025,13:00:00,2025 Deposit Events,N,1,,,Y,Y,,,,,,,,S,,,,DEP,N,1,,,,,,,,,,,,,,,,,,,,,,,,,N,N,GEN
D250614E,03. Philadelphia,6/14/2025,19:00:00,2025 Deposit Events,N,1,,,Y,Y,,,,,,,,S,,,,DEP,N,1,,,,,,,,,,,,,,,,,,,,,,,,,N,N,GEN
D250627,05. San Diego,6/27/2025,18:00:00,2025 Deposit Events,N,1,,,Y,Y,,,,,,,,S,,,,DEP,N,1,,,,,,,,,,,,,,,,,,,,,,,,,N,N,GEN
D250628,05. San Diego,6/28/2025,15:00:00,2025 Deposit Events,N,1,,,Y,Y,,,,,,,,S,,,,DEP,N,1,,,,,,,,,,,,,,,,,,,,,,,,,N,N,GEN
D250725,09. Salt Lake City,7/25/2025,18:00:00,2025 Deposit Events,N,1,,,Y,Y,,,,,,,,S,,,,DEP,N,1,,,,,,,,,,,,,,,,,,,,,,,,,N,N,GEN
D250726,09. Salt Lake City,7/26/2025,16:30:00,2025 Deposit Events,N,1,,,Y,Y,,,,,,,,S,,,,DEP,N,1,,,,,,,,,,,,,,,,,,,,,,,,,N,N,GEN
D250808,11. Boston,8/8/2025,18:30:00,2025 Deposit Events,N,1,,,Y,Y,,,,,,,,S,,,,DEP,N,1,,,,,,,,,,,,,,,,,,,,,,,,,N,N,GEN
D250809A,11. Boston,8/9/2025,13:00:00,2025 Deposit Events,N,1,,,Y,Y,,,,,,,,S,,,,DEP,N,1,,,,,,,,,,,,,,,,,,,,,,,,,N,N,GEN
D250809E,11. Boston,8/9/2025,19:00:00,2025 Deposit Events,N,1,,,Y,Y,,,,,,,,S,,,,DEP,N,1,,,,,,,,,,,,,,,,,,,,,,,,,N,N,GEN
D250823,12. Minneapolis,8/23/2025,17:00:00,2025 Deposit Events,N,1,,,Y,Y,,,,,,,,S,,,,DEP,N,1,,,,,,,,,,,,,,,,,,,,,,,,,N,N,GEN
25APLUS,01. Albany,5/30/2025,23:00:00,2025 Homecoming Pass Upgrades,N,1,,,Y,Y,,,1/16/2025 00:00,5/17/2025 03:00,,,,S,,,,EXP,Y,1,32,,,,,,,,,,,,,,,,,,,,,25PLUS,,,N,N,GEN
25AVIP,01. Albany,5/30/2025,23:00:00,2025 Homecoming Pass Upgrades,N,1,,,Y,Y,,,1/16/2025 00:00,5/30/2025 20:00,,,,S,,,,EXP,Y,1,32,,,,,,,,,,,,,,,,,,,,,25VIP,,,N,N,GEN
25CPLUS,02. Charlotte,6/6/2025,23:00:00,2025 Homecoming Pass Upgrades,N,1,,,Y,Y,,,1/16/2025 00:00,5/23/2025 23:59,,,,S,,,,EXP,Y,1,32,,,,,,,,,,,,,,,,,,,,,25PLUS,,,N,N,GEN
25CVIP,02. Charlotte,6/6/2025,23:00:00,2025 Homecoming Pass Upgrades,N,1,,,Y,Y,,,1/16/2025 00:00,6/6/2025 20:00,,,,S,,,,EXP,Y,1,32,,,,,,,,,,,,,,,,,,,,,25VIP,,,N,N,GEN
25PPLUS,03. Philadelphia,6/13/2025,23:00:00,2025 Homecoming Pass Upgrades,N,1,,,Y,Y,,,1/16/2025 00:00,5/30/2025 23:59,,,,S,,,,EXP,Y,1,32,,,,,,,,,,,,,,,,,,,,,25PLUS,,,N,N,GEN
25PVIP,03. Philadelphia,6/13/2025,23:00:00,2025 Homecoming Pass Upgrades,N,1,,,Y,Y,,,1/16/2025 00:00,6/13/2025 20:00,,,,S,,,,EXP,Y,1,32,,,,,,,,,,,,,,,,,,,,,25VIP,,,N,N,GEN
25BPLUS,04. Baltimore,6/21/2025,23:00:00,2025 Homecoming Pass Upgrades,N,1,,,Y,Y,,,1/16/2025 00:00,6/7/2025 03:00,,,,S,,,,EXP,Y,1,32,,,,,,,,,,,,,,,,,,,,,25PLUS,,,N,N,GEN
25BVIP,04. Baltimore,6/21/2025,23:00:00,2025 Homecoming Pass Upgrades,N,1,,,Y,N,,,,,,,,S,,,,EXP,Y,1,32,,,,,,,,,,,,,,,,,,,,,25VIP,,,N,N,GEN
25SDPLUS,05. San Diego,6/27/2025,23:00:00,2025 Homecoming Pass Upgrades,N,1,,,Y,Y,,,1/16/2025 00:00,6/13/2025 23:59,,,,S,,,,EXP,Y,1,32,,,,,,,,,,,,,,,,,,,,,25PLUS,,,N,N,GEN
25SDVIP,05. San Diego,6/27/2025,23:00:00,2025 Homecoming Pass Upgrades,N,1,,,Y,Y,,,1/16/2025 00:00,6/27/2025 20:00,,,,S,,,,EXP,Y,1,32,,,,,,,,,,,,,,,,,,,,,25VIP,,,N,N,GEN
25SLPLUS,09. Salt Lake City,8/1/2025,23:00:00,2025 Homecoming Pass Upgrades,N,1,,,Y,Y,,,1/16/2025 00:00,7/11/2025 23:59,,,,S,,,,EXP,Y,1,32,,,,,,,,,,,,,,,,,,,,,25PLUS,,,N,N,GEN
25SLVIP,09. Salt Lake City,8/1/2025,23:00:00,2025 Homecoming Pass Upgrades,N,1,,,Y,Y,,,1/16/2025 00:00,8/1/2025 20:00,,,,S,,,,EXP,Y,1,32,,,,,,,,,,,,,,,,,,,,,25VIP,,,N,N,GEN
25BSPLUS,11. Boston,8/8/2025,23:00:00,2025 Homecoming Pass Upgrades,N,1,,,Y,Y,,,1/16/2025 00:00,7/25/2025 23:59,,,,S,,,,EXP,Y,1,32,,,,,,,,,,,,,,,,,,,,,25PLUS,,,N,N,GEN
25BSVIP,11. Boston,8/8/2025,23:00:00,2025 Homecoming Pass Upgrades,N,1,,,Y,Y,,,1/16/2025 00:00,8/8/2025 20:00,,,,S,,,,EXP,Y,1,32,,,,,,,,,,,,,,,,,,,,,25VIP,,,N,N,GEN
250704PK,Parking,7/4/2025,17:30:00,25.06PK Kansas City ASG Parking,N,1,,,Y,Y,,,,,,,,S,,,,E,Y,1,32,,,,,,,,,,06006281A93B7AB5,,,,,,,,,,,,,,N,N,GEN
D250711,07. Chicago,7/11/2025,18:00:00,2025 Deposit Events,N,1,,,Y,Y,,,,,,,,S,,,,DEP,N,1,,,,,,,,,,,,,,,,,,,,,,,,,N,N,GEN
D250712,07. Chicago,7/12/2025,18:00:00,2025 Deposit Events,N,1,,,Y,Y,,,,,,,,S,,,,DEP,N,1,,,,,,,,,,,,,,,,,,,,,,,,,N,N,GEN
D250621,04. Baltimore,6/21/2025,16:00:00,2025 Deposit Events,N,1,,,Y,Y,,,,,,,,S,,,,DEP,N,1,,,,,,,,,,,,,,,,,,,,,,,,,N,N,GEN
D250622,04. Baltimore,6/22/2025,12:00:00,2025 Deposit Events,N,1,,,Y,Y,,,,,,,,S,,,,DEP,N,1,,,,,,,,,,,,,,,,,,,,,,,,,N,N,GEN
D250704,06. Kansas City,7/4/2025,17:30:00,2025 Deposit Events,N,1,,,Y,Y,,,,,,,,S,,,,DEP,N,1,,,,,,,,,,,,,,,,,,,,,,,,,N,N,GEN
D250705,06. Kansas City,7/5/2025,12:00:00,2025 Deposit Events,N,1,,,Y,Y,,,,,,,,S,,,,DEP,N,1,,,,,,,,,,,,,,,,,,,,,,,,,N,N,GEN
D250718,08. Fairfield,7/18/2025,18:30:00,2025 Deposit Events,N,1,,,Y,Y,,,,,,,,S,,,,DEP,N,1,,,,,,,,,,,,,,,,,,,,,,,,,N,N,GEN
D250719A,08. Fairfield,7/19/2025,15:00:00,2025 Deposit Events,N,1,,,Y,Y,,,,,,,,S,,,,DEP,N,1,,,,,,,,,,,,,,,,,,,,,,,,,N,N,GEN
D250719E,08. Fairfield,7/19/2025,20:00:00,2025 Deposit Events,N,1,,,Y,Y,,,,,,,,S,,,,DEP,N,1,,,,,,,,,,,,,,,,,,,,,,,,,N,N,GEN
D250801,10. Denver,8/1/2025,18:00:00,2025 Deposit Events,N,1,,,Y,Y,,,,,,,,S,,,,DEP,N,1,,,,,,,,,,,,,,,,,,,,,,,,,N,N,GEN
D250802A,10. Denver,8/2/2025,11:00:00,2025 Deposit Events,N,1,,,Y,Y,,,,,,,,S,,,,DEP,N,1,,,,,,,,,,,,,,,,,,,,,,,,,N,N,GEN
D250802E,10. Denver,8/2/2025,18:00:00,2025 Deposit Events,N,1,,,Y,Y,,,,,,,,S,,,,DEP,N,1,,,,,,,,,,,,,,,,,,,,,,,,,N,N,GEN
D250901,13. Subaru Park,9/1/2025,16:00:00,2025 Deposit Events,N,1,,,Y,Y,,,,,,,,S,,,,DEP,N,1,,,,,,,,,,,,,,,,,,,,,,,,,N,N,GEN
D250914,14. Championship,9/14/2025,12:30:00,2025 Deposit Events,N,1,,,Y,Y,,,,,,,,S,,,,DEP,N,1,,,,,,,,,,,,,,,,,,,,,,,,,N,N,GEN
D250211,00. Champ Series,2/11/2025,19:00:00,2025 Deposit Events,N,1,,,Y,N,,,,,,,,S,,,,DEP,N,1,,,,,,,,,,,,,,,,,,,,,,,,,N,N,GEN
D250212,00. Champ Series,2/12/2025,19:00:00,2025 Deposit Events,N,1,,,Y,N,,,,,,,,S,,,,DEP,N,1,,,,,,,,,,,,,,,,,,,,,,,,,N,N,GEN
D250213,00. Champ Series,2/13/2025,19:00:00,2025 Deposit Events,N,1,,,Y,N,,,,,,,,S,,,,DEP,N,1,,,,,,,,,,,,,,,,,,,,,,,,,N,N,GEN
D250214,00. Champ Series,2/14/2025,18:00:00,2025 Deposit Events,N,1,,,Y,N,,,,,,,,S,,,,DEP,N,1,,,,,,,,,,,,,,,,,,,,,,,,,N,N,GEN
D250215A,00. Champ Series,2/15/2025,12:30:00,2025 Deposit Events,N,1,,,Y,N,,,,,,,,S,,,,DEP,N,1,,,,,,,,,,,,,,,,,,,,,,,,,N,N,GEN
D250215E,00. Champ Series,2/15/2025,18:00:00,2025 Deposit Events,N,1,,,Y,N,,,,,,,,S,,,,DEP,N,1,,,,,,,,,,,,,,,,,,,,,,,,,N,N,GEN
D250216A,00. Champ Series,2/16/2025,10:30:00,2025 Deposit Events,N,1,,,Y,N,,,,,,,,S,,,,DEP,N,1,,,,,,,,,,,,,,,,,,,,,,,,,N,N,GEN
D250216E,00. Champ Series,2/16/2025,18:00:00,2025 Deposit Events,N,1,,,Y,N,,,,,,,,S,,,,DEP,N,1,,,,,,,,,,,,,,,,,,,,,,,,,N,N,GEN
D250217,00. Champ Series,2/17/2025,11:00:00,2025 Deposit Events,N,1,,,Y,N,,,,,,,,S,,,,DEP,N,1,,,,,,,,,,,,,,,,,,,,,,,,,N,N,GEN
D25ALL,ALL MARKETS,5/30/2025,23:59:00,2025 Deposit Events,Y,31,,,Y,Y,,,,,,,,S,,,,FS,N,1,,,,,,,,,,,,,,,,,,,,,,,,,N,N,GEN
D25ASG,06. Kansas City,7/4/2025,23:59:00,2025 Deposit Events,Y,2,,,Y,Y,,,,,,,,S,,,,MP,N,1,,,,,,,,,,,,,,,,,,,,,,,,,N,N,GEN
D25ALB,01. Albany,5/30/2025,23:59:00,2025 Deposit Events,Y,3,,,Y,Y,,,,,,,,S,,,,MP,N,1,,,,,,,,,,,,,,,,,,,,,,,,,N,N,GEN
D25CHA,02. Charlotte,6/6/2025,23:59:00,2025 Deposit Events,Y,3,,,Y,Y,,,,,,,,S,,,,MP,N,1,,,,,,,,,,,,,,,,,,,,,,,,,N,N,GEN
D25PHI,03. Philadelphia,6/13/2025,23:59:00,2025 Deposit Events,Y,3,,,Y,Y,,,,,,,,S,,,,MP,N,1,,,,,,,,,,,,,,,,,,,,,,,,,N,N,GEN
D25BAL,04. Baltimore,6/21/2025,23:59:00,2025 Deposit Events,Y,2,,,Y,Y,,,,,,,,S,,,,MP,N,1,,,,,,,,,,,,,,,,,,,,,,,,,N,N,GEN
D25SD,05. San Diego,6/27/2025,23:59:00,2025 Deposit Events,Y,2,,,Y,Y,,,,,,,,S,,,,MP,N,1,,,,,,,,,,,,,,,,,,,,,,,,,N,N,GEN
D25CHI,07. Chicago,7/11/2025,23:59:00,2025 Deposit Events,Y,2,,,Y,Y,,,,,,,,S,,,,MP,N,1,,,,,,,,,,,,,,,,,,,,,,,,,N,N,GEN
D25FAI,08. Fairfield,7/11/2025,23:59:00,2025 Deposit Events,Y,3,,,Y,Y,,,,,,,,S,,,,MP,N,1,,,,,,,,,,,,,,,,,,,,,,,,,N,N,GEN
D25SLC,09. Salt Lake City,7/25/2025,23:59:00,2025 Deposit Events,Y,2,,,Y,Y,,,,,,,,S,,,,MP,N,1,,,,,,,,,,,,,,,,,,,,,,,,,N,N,GEN
D25DEN,10. Denver,8/1/2025,23:59:00,2025 Deposit Events,Y,3,,,Y,Y,,,,,,,,S,,,,MP,N,1,,,,,,,,,,,,,,,,,,,,,,,,,N,N,GEN
D25BOS,11. Boston,8/1/2025,23:59:00,2025 Deposit Events,Y,3,,,Y,Y,,,,,,,,S,,,,MP,N,1,,,,,,,,,,,,,,,,,,,,,,,,,N,N,GEN
250530G,01. Albany,5/30/2025,18:00:00,25.01UP Albany Upsell,N,1,,,N,N,,,,,,,,S,,,,EXP,Y,1,50,,,,,,,,,,,,,,,,,,,,,,,,N,N,GEN
250531AG,01. Albany,5/31/2025,13:00:00,25.01UP Albany Upsell,N,1,,,N,N,,,,,,,,S,,,,EXP,Y,1,50,,,,,,,,,,,,,,,,,,,,,,,,N,N,GEN
250531EG,01. Albany,5/31/2025,19:00:00,25.01UP Albany Upsell,N,1,,,N,N,,,,,,,,S,,,,EXP,Y,1,50,,,,,,,,,,,,,,,,,,,,,,,,N,N,GEN
250530F,01. Albany,5/30/2025,18:00:00,25.01UP Albany Upsell,N,1,,,N,N,,,,,,,,S,,,,EXP,Y,1,50,,,,,,,,,,,,,,,,,,,,,,,,N,N,GEN
250531AF,01. Albany,5/31/2025,13:00:00,25.01UP Albany Upsell,N,1,,,N,N,,,,,,,,S,,,,EXP,Y,1,50,,,,,,,,,,,,,,,,,,,,,,,,N,N,GEN
250531EF,01. Albany,5/31/2025,19:00:00,25.01UP Albany Upsell,N,1,,,N,N,,,,,,,,S,,,,EXP,Y,1,50,,,,,,,,,,,,,,,,,,,,,,,,N,N,GEN
250606H,02. Charlotte,6/6/2025,18:00:00,25.02UP Charlotte Upsell,N,1,,,Y,Y,,,,,,,,S,,,,EXP,Y,1,50,,,,,,,,,,,,,,,,,,,,,,,,N,N,GEN
250606M,02. Charlotte,6/6/2025,18:00:00,25.02UP Charlotte Upsell,N,1,,,Y,Y,,,,,,,,S,,,,EXP,Y,1,50,,,,,,,,,,,,,,,,,,,,,,,,N,N,GEN
250606G,02. Charlotte,6/6/2025,18:00:00,25.02UP Charlotte Upsell,N,1,,,Y,Y,,,,,,,,S,,,,EXP,Y,1,50,,,,,,,,,,,,,,,,,,,,,,,,N,N,GEN
250606F,02. Charlotte,6/6/2025,18:00:00,25.02UP Charlotte Upsell,N,1,,,Y,Y,,,,,,,,S,,,,EXP,Y,1,50,,,,,,,,,,,,,,,,,,,,,,,,N,N,GEN
250607AF,02. Charlotte,6/7/2025,13:00:00,25.02UP Charlotte Upsell,N,1,,,Y,Y,,,,,,,,S,,,,EXP,Y,1,50,,,,,,,,,,,,,,,,,,,,,,,,N,N,GEN
250607EF,02. Charlotte,6/7/2025,19:00:00,25.02UP Charlotte Upsell,N,1,,,Y,Y,,,,,,,,S,,,,EXP,Y,1,50,,,,,,,,,,,,,,,,,,,,,,,,N,N,GEN
250607AG,02. Charlotte,6/7/2025,13:00:00,25.02UP Charlotte Upsell,N,1,,,Y,Y,,,,,,,,S,,,,EXP,Y,1,50,,,,,,,,,,,,,,,,,,,,,,,,N,N,GEN
250607EG,02. Charlotte,6/7/2025,19:00:00,25.02UP Charlotte Upsell,N,1,,,Y,Y,,,,,,,,S,,,,EXP,Y,1,50,,,,,,,,,,,,,,,,,,,,,,,,N,N,GEN
250607AH,02. Charlotte,6/7/2025,13:00:00,25.02UP Charlotte Upsell,N,1,,,Y,Y,,,,,,,,S,,,,EXP,Y,1,50,,,,,,,,,,,,,,,,,,,,,,,,N,N,GEN
250607EH,02. Charlotte,6/7/2025,19:00:00,25.02UP Charlotte Upsell,N,1,,,Y,Y,,,,,,,,S,,,,EXP,Y,1,50,,,,,,,,,,,,,,,,,,,,,,,,N,N,GEN
250607AM,02. Charlotte,6/7/2025,13:00:00,25.02UP Charlotte Upsell,N,1,,,Y,Y,,,,,,,,S,,,,EXP,Y,1,50,,,,,,,,,,,,,,,,,,,,,,,,N,N,GEN
250607EM,02. Charlotte,6/7/2025,19:00:00,25.02UP Charlotte Upsell,N,1,,,Y,Y,,,,,,,,S,,,,EXP,Y,1,50,,,,,,,,,,,,,,,,,,,,,,,,N,N,GEN
250613M,03. Philadelphia,6/13/2025,18:00:00,25.03UP Philadelphia Upsell,N,1,,,Y,Y,,,,,,,,S,,,,EXP,Y,1,32,,,,,,,,,,,,,,,,,,,,,,,,N,N,GEN
250613G,03. Philadelphia,6/13/2025,18:00:00,25.03UP Philadelphia Upsell,N,1,,,Y,Y,,,,,,,,S,,,,EXP,Y,1,32,,,,,,,,,,,,,,,,,,,,,,,,N,N,GEN
250613F,03. Philadelphia,6/13/2025,18:00:00,25.03UP Philadelphia Upsell,N,1,,,Y,Y,,,,,,,,S,,,,EXP,Y,1,32,,,,,,,,,,,,,,,,,,,,,,,,N,N,GEN
250621M,04. Baltimore,6/21/2025,16:00:00,25.04UP Baltimore Upsell,N,1,,,Y,Y,,,,,,,,S,,,,EXP,Y,1,50,,,,,,,,,,,,,,,,,,,,,,,,N,N,GEN
250622M,04. Baltimore,6/22/2025,12:00:00,25.04UP Baltimore Upsell,N,1,,,Y,Y,,,,,,,,S,,,,EXP,Y,1,50,,,,,,,,,,,,,,,,,,,,,,,,N,N,GEN
250621G,04. Baltimore,6/21/2025,16:00:00,25.04UP Baltimore Upsell,N,1,,,Y,Y,,,,,,,,S,,,,EXP,Y,1,50,,,,,,,,,,,,,,,,,,,,,,,,N,N,GEN
250622G,04. Baltimore,6/22/2025,12:00:00,25.04UP Baltimore Upsell,N,1,,,Y,Y,,,,,,,,S,,,,EXP,Y,1,50,,,,,,,,,,,,,,,,,,,,,,,,N,N,GEN
250621F,04. Baltimore,6/21/2025,16:00:00,25.04UP Baltimore Upsell,N,1,,,Y,Y,,,,,,,,S,,,,EXP,Y,1,50,,,,,,,,,,,,,,,,,,,,,,,,N,N,GEN
250622F,04. Baltimore,6/22/2025,12:00:00,25.04UP Baltimore Upsell,N,1,,,Y,Y,,,,,,,,S,,,,EXP,Y,1,50,,,,,,,,,,,,,,,,,,,,,,,,N,N,GEN
250614EF,03. Philadelphia,6/14/2025,19:00:00,25.03UP Philadelphia Upsell,N,1,,,Y,Y,,,,,,,,S,,,,EXP,Y,1,32,,,,,,,,,,,,,,,,,,,,,,,,N,N,GEN
250614EG,03. Philadelphia,6/14/2025,19:00:00,25.03UP Philadelphia Upsell,N,1,,,Y,Y,,,,,,,,S,,,,EXP,Y,1,32,,,,,,,,,,,,,,,,,,,,,,,,N,N,GEN
250614EM,03. Philadelphia,6/14/2025,19:00:00,25.03UP Philadelphia Upsell,N,1,,,Y,Y,,,,,,,,S,,,,EXP,Y,1,32,,,,,,,,,,,,,,,,,,,,,,,,N,N,GEN
250614AF,03. Philadelphia,6/14/2025,13:00:00,25.03UP Philadelphia Upsell,N,1,,,Y,Y,,,,,,,,S,,,,EXP,Y,1,32,,,,,,,,,,,,,,,,,,,,,,,,N,N,GEN
250614AG,03. Philadelphia,6/14/2025,13:00:00,25.03UP Philadelphia Upsell,N,1,,,Y,Y,,,,,,,,S,,,,EXP,Y,1,32,,,,,,,,,,,,,,,,,,,,,,,,N,N,GEN
250614AM,03. Philadelphia,6/14/2025,13:00:00,25.03UP Philadelphia Upsell,N,1,,,Y,Y,,,,,,,,S,,,,EXP,Y,1,32,,,,,,,,,,,,,,,,,,,,,,,,N,N,GEN
250627H,05. San Diego,6/27/2025,18:00:00,25.05UP San Diego Upsell,N,1,,,Y,Y,,,,,,,,S,,,,EXP,Y,1,50,,,,,,,,,,,,,,,,,,,,,,,,N,N,GEN
250628H,05. San Diego,6/28/2025,15:00:00,25.05UP San Diego Upsell,N,1,,,Y,Y,,,,,,,,S,,,,EXP,Y,1,50,,,,,,,,,,,,,,,,,,,,,,,,N,N,GEN
250627M,05. San Diego,6/27/2025,18:00:00,25.05UP San Diego Upsell,N,1,,,Y,Y,,,,,,,,S,,,,EXP,Y,1,50,,,,,,,,,,,,,,,,,,,,,,,,N,N,GEN
250628M,05. San Diego,6/28/2025,15:00:00,25.05UP San Diego Upsell,N,1,,,Y,Y,,,,,,,,S,,,,EXP,Y,1,50,,,,,,,,,,,,,,,,,,,,,,,,N,N,GEN
250627G,05. San Diego,6/27/2025,18:00:00,25.05UP San Diego Upsell,N,1,,,Y,Y,,,,,,,,S,,,,EXP,Y,1,50,,,,,,,,,,,,,,,,,,,,,,,,N,N,GEN
250628G,05. San Diego,6/28/2025,15:00:00,25.05UP San Diego Upsell,N,1,,,Y,Y,,,,,,,,S,,,,EXP,Y,1,50,,,,,,,,,,,,,,,,,,,,,,,,N,N,GEN
250627F,05. San Diego,6/27/2025,18:00:00,25.05UP San Diego Upsell,N,1,,,Y,Y,,,,,,,,S,,,,EXP,Y,1,50,,,,,,,,,,,,,,,,,,,,,,,,N,N,GEN
250628F,05. San Diego,6/28/2025,15:00:00,25.05UP San Diego Upsell,N,1,,,Y,Y,,,,,,,,S,,,,EXP,Y,1,50,,,,,,,,,,,,,,,,,,,,,,,,N,N,GEN
250704H,06. Kansas City,7/4/2025,19:00:00,25.06UP Kansas City Upsell,N,1,,,Y,Y,,,,,,,,S,,,,EXP,Y,1,32,,,,,,,,,,,,,,,,,,,,,,,,N,N,GEN
250705H,06. Kansas City,7/5/2025,12:00:00,25.06UP Kansas City Upsell,N,1,,,Y,Y,,,,,,,,S,,,,EXP,Y,1,32,,,,,,,,,,,,,,,,,,,,,,,,N,N,GEN
250704M,06. Kansas City,7/4/2025,19:00:00,25.06UP Kansas City Upsell,N,1,,,Y,Y,,,,,,,,S,,,,EXP,Y,1,32,,,,,,,,,,,,,,,,,,,,,,,,N,N,GEN
250705M,06. Kansas City,7/5/2025,12:00:00,25.06UP Kansas City Upsell,N,1,,,Y,Y,,,,,,,,S,,,,EXP,Y,1,32,,,,,,,,,,,,,,,,,,,,,,,,N,N,GEN
250704G,06. Kansas City,7/4/2025,19:00:00,25.06UP Kansas City Upsell,N,1,,,Y,Y,,,,,,,,S,,,,EXP,Y,1,32,,,,,,,,,,,,,,,,,,,,,,,,N,N,GEN
250705G,06. Kansas City,7/5/2025,12:00:00,25.06UP Kansas City Upsell,N,1,,,Y,Y,,,,,,,,S,,,,EXP,Y,1,32,,,,,,,,,,,,,,,,,,,,,,,,N,N,GEN
250704F,06. Kansas City,7/4/2025,19:00:00,25.06UP Kansas City Upsell,N,1,,,Y,Y,,,,,,,,S,,,,EXP,Y,1,32,,,,,,,,,,,,,,,,,,,,,,,,N,N,GEN
250705F,06. Kansas City,7/5/2025,12:00:00,25.06UP Kansas City Upsell,N,1,,,Y,Y,,,,,,,,S,,,,EXP,Y,1,32,,,,,,,,,,,,,,,,,,,,,,,,N,N,GEN
250725H,09. Salt Lake City,7/25/2025,18:00:00,25.09UP Salt Lake City Upsell,N,1,,,Y,Y,,,,,,,,S,,,,EXP,Y,1,50,,,,,,,,,,,,,,,,,,,,,,,,N,N,GEN
250726H,09. Salt Lake City,7/26/2025,16:30:00,25.09UP Salt Lake City Upsell,N,1,,,Y,Y,,,,,,,,S,,,,EXP,Y,1,50,,,,,,,,,,,,,,,,,,,,,,,,N,N,GEN
250725M,09. Salt Lake City,7/25/2025,18:00:00,25.09UP Salt Lake City Upsell,N,1,,,Y,Y,,,,,,,,S,,,,EXP,Y,1,50,,,,,,,,,,,,,,,,,,,,,,,,N,N,GEN
250726M,09. Salt Lake City,7/26/2025,16:30:00,25.09UP Salt Lake City Upsell,N,1,,,Y,Y,,,,,,,,S,,,,EXP,Y,1,50,,,,,,,,,,,,,,,,,,,,,,,,N,N,GEN
250725G,09. Salt Lake City,7/25/2025,18:00:00,25.09UP Salt Lake City Upsell,N,1,,,Y,Y,,,,,,,,S,,,,EXP,Y,1,50,,,,,,,,,,,,,,,,,,,,,,,,N,N,GEN
250726G,09. Salt Lake City,7/26/2025,16:30:00,25.09UP Salt Lake City Upsell,N,1,,,Y,Y,,,,,,,,S,,,,EXP,Y,1,50,,,,,,,,,,,,,,,,,,,,,,,,N,N,GEN
250725F,09. Salt Lake City,7/25/2025,18:00:00,25.09UP Salt Lake City Upsell,N,1,,,Y,Y,,,,,,,,S,,,,EXP,Y,1,50,,,,,,,,,,,,,,,,,,,,,,,,N,N,GEN
250726F,09. Salt Lake City,7/26/2025,16:30:00,25.09UP Salt Lake City Upsell,N,1,,,Y,Y,,,,,,,,S,,,,EXP,Y,1,50,,,,,,,,,,,,,,,,,,,,,,,,N,N,GEN
250808M,11. Boston,8/8/2025,20:00:00,25.11UP Boston Upsell,N,1,,,Y,Y,,,,,,,,S,,,,EXP,Y,1,32,,,,,,,,,,,,,,,,,,,,,,,,N,N,GEN
250809AM,11. Boston,8/9/2025,13:00:00,25.11UP Boston Upsell,N,1,,,Y,Y,,,,,,,,S,,,,EXP,Y,1,32,,,,,,,,,,,,,,,,,,,,,,,,N,N,GEN
250809EM,11. Boston,8/9/2025,19:00:00,25.11UP Boston Upsell,N,1,,,Y,Y,,,,,,,,S,,,,EXP,Y,1,32,,,,,,,,,,,,,,,,,,,,,,,,N,N,GEN
250808G,11. Boston,8/8/2025,20:00:00,25.11UP Boston Upsell,N,1,,,Y,Y,,,,,,,,S,,,,EXP,Y,1,32,,,,,,,,,,,,,,,,,,,,,,,,N,N,GEN
250809AG,11. Boston,8/9/2025,13:00:00,25.11UP Boston Upsell,N,1,,,Y,Y,,,,,,,,S,,,,EXP,Y,1,32,,,,,,,,,,,,,,,,,,,,,,,,N,N,GEN
250809EG,11. Boston,8/9/2025,19:00:00,25.11UP Boston Upsell,N,1,,,Y,Y,,,,,,,,S,,,,EXP,Y,1,32,,,,,,,,,,,,,,,,,,,,,,,,N,N,GEN
250808F,11. Boston,8/8/2025,20:00:00,25.11UP Boston Upsell,N,1,,,Y,Y,,,,,,,,S,,,,EXP,Y,1,32,,,,,,,,,,,,,,,,,,,,,,,,N,N,GEN
250809AF,11. Boston,8/9/2025,13:00:00,25.11UP Boston Upsell,N,1,,,Y,Y,,,,,,,,S,,,,EXP,Y,1,32,,,,,,,,,,,,,,,,,,,,,,,,N,N,GEN
250809EF,11. Boston,8/9/2025,19:00:00,25.11UP Boston Upsell,N,1,,,Y,Y,,,,,,,,S,,,,EXP,Y,1,32,,,,,,,,,,,,,,,,,,,,,,,,N,N,GEN
250823HC,12. Minneapolis,8/23/2025,17:00:00,25.12UP Minneapolis Upsell,N,1,,,Y,Y,,,,,,,,S,,,,EXP,Y,1,50,,,,,,,,,,,,,,,,,,,,,,,,N,N,GEN
250823M,12. Minneapolis,8/23/2025,17:00:00,25.12UP Minneapolis Upsell,N,1,,,Y,Y,,,,,,,,S,,,,EXP,Y,1,50,,,,,,,,,,,,,,,,,,,,,,,,N,N,GEN
250823G,12. Minneapolis,8/23/2025,17:00:00,25.12UP Minneapolis Upsell,N,1,,,Y,Y,,,,,,,,S,,,,EXP,Y,1,50,,,,,,,,,,,,,,,,,,,,,,,,N,N,GEN
250823F,12. Minneapolis,8/23/2025,17:00:00,25.12UP Minneapolis Upsell,N,1,,,Y,Y,,,,,,,,S,,,,EXP,Y,1,50,,,,,,,,,,,,,,,,,,,,,,,,N,N,GEN
ALBVIP,Albany VIP,5/31/2025,20:00:00,25.01UP Albany Upsell,Y,3,,,N,N,,,,,,,,S,,,,FS,N,1,,,,,,,,,,,,,,,,,,,,,,,,,N,N,GEN
ALBVIP1,Albany VIP,5/30/2025,18:00:00,25.01UP Albany Upsell,N,1,,,N,N,,,,,,,,S,,,,E,Y,1,50,Premier Lacrosse League,Homecoming Pass VIP,,,,,,,,,Premier Lacrosse League,Homecoming Pass VIP,,,,,,,,,,,,N,N,GEN
ALBVIP2,Albany VIP,5/31/2025,13:00:00,25.01UP Albany Upsell,N,1,,,N,N,,,,,,,,S,,,,E,Y,1,50,Premier Lacrosse League,Homecoming Pass VIP,,,,,,,,,Premier Lacrosse League,Homecoming Pass VIP,,,,,,,,,,,,N,N,GEN
ALBVIP3,Albany VIP,5/31/2025,19:00:00,25.01UP Albany Upsell,N,1,,,N,N,,,,,,,,S,,,,E,Y,1,50,Premier Lacrosse League,Homecoming Pass VIP,,,,,,,,,Premier Lacrosse League,Homecoming Pass VIP,,,,,,,,,,,,N,N,GEN
ALBFOOD,,5/31/2025,20:00:00,25.01UP Albany Upsell,N,1,,,N,N,,,,,,,,S,,,,E,Y,1,50,PREMIER LACROSSE LEAGUE,PLL CONCESSION VOUCHER,NO CASH VALUE,GOOD FOR $12,EXCLUDES BEN AND JERRYS,SAT MAY 31 2025,,,,,PREMIER LACROSSE LEAGUE,PLL CONCESSION VOUCHER,NO CASH VALUE,GOOD FOR $12,EXCLUDES BEN AND JERRYS,SAT MAY 31 2025,,,,,,,,N,N,GEN
25CGIFT,Charlotte,6/6/2025,18:00:00,25.02UP Charlotte Upsell,N,1,,,Y,Y,,,,,,,,S,,,,E,Y,1,50,,,,,,,,,,,,,,,,,,,,,,,,N,N,GEN
CHARVIP,Charlotte,6/6/2025,19:00:00,25.02UP Charlotte Upsell,Y,3,,,Y,Y,,,,,,,,S,,,,FS,N,1,,,,,,,,,,,,,,,,,,,,,,,,,N,N,GEN
CHARVIP1,Charlotte,6/6/2025,18:00:00,25.02UP Charlotte Upsell,N,1,,,Y,Y,,,,,,,,S,,,,E,Y,1,50,,,,,,,,,,,,,,,,,,,,,,,,N,N,GEN
CHARVIP2,Charlotte,6/7/2025,13:00:00,25.02UP Charlotte Upsell,N,1,,,Y,Y,,,,,,,,S,,,,E,Y,1,50,,,,,,,,,,,,,,,,,,,,,,,,N,N,GEN
CHARVIP3,Charlotte,6/7/2025,19:00:00,25.02UP Charlotte Upsell,N,1,,,Y,Y,,,,,,,,S,,,,E,Y,1,50,,,,,,,,,,,,,,,,,,,,,,,,N,N,GEN
