market,event_name,plan_event,num_events_in_plan,price_level,price_level_description,capacity,base_price,paid_tix_goal,HCP_renew_tix_goal,HCP_new_tix_goal,evt_FP_tix_goal,evt_group_tix_goal,HCP_goal,evt_goal,seat_map_PL_image
00. Champ Series,250211,25CSALL,9,A,Field Seats,40,$75.00 ,3.5,,,3.5,,0,3.5,
00. Champ Series,250211,25CSALL,9,B,Field Seats,40,$75.00 ,3.5,,,3.5,,0,3.5,
00. Champ Series,250211,25CSALL,9,C,North Sideline,460,$30.00 ,92,,,92,,0,92,
00. Champ Series,250211,25CSALL,9,D,South Sideline (GA),1500,$15.00 ,428,,,428,,0,428,
00. Champ Series,250211,25CSALL,9,E,TSL,,,0,,,0,,0,0,
00. Champ Series,250211,25CSALL,9,F,Suites,,,0,,,0,,0,0,
00. Champ Series,250211,25CSALL,9,G,Suites,,,0,,,0,,0,0,
00. Champ Series,250212,25CSALL,9,A,Field Seats,40,$75.00 ,3.5,,,3.5,,0,3.5,
00. Champ Series,250212,25CSALL,9,B,Field Seats,40,$75.00 ,3.5,,,3.5,,0,3.5,
00. Champ Series,250212,25CSALL,9,C,North Sideline,460,$30.00 ,92,,,92,,0,92,
00. Champ Series,250212,25CSALL,9,D,South Sideline (GA),1500,$15.00 ,428,,,428,,0,428,
00. Champ Series,250212,25CSALL,9,E,TSL,,,0,,,0,,0,0,
00. Champ Series,250212,25CSALL,9,F,Suites,,,0,,,0,,0,0,
00. Champ Series,250212,25CSALL,9,G,Suites,,,0,,,0,,0,0,
00. Champ Series,250213,25CSALL,9,A,Field Seats,40,$80.00 ,3.5,,,3.5,,0,3.5,
00. Champ Series,250213,25CSALL,9,B,Field Seats,40,$80.00 ,3.5,,,3.5,,0,3.5,
00. Champ Series,250213,25CSALL,9,C,North Sideline,460,$35.00 ,110,,,110,,0,110,
00. Champ Series,250213,25CSALL,9,D,South Sideline (GA),1500,$20.00 ,570,,,570,,0,570,
00. Champ Series,250213,25CSALL,9,E,TSL,,,0,,,,,0,0,
00. Champ Series,250213,25CSALL,9,F,Suites,,,0,,,,,0,0,
00. Champ Series,250213,25CSALL,9,G,Suites,,,0,,,,,0,0,
00. Champ Series,250214,25CSALL,9,A,Field Seats,40,$125.00 ,13.5,,,13.5,,0,13.5,
00. Champ Series,250214,25CSALL,9,B,Field Seats,40,$125.00 ,13.5,,,13.5,,0,13.5,
00. Champ Series,250214,25CSALL,9,C,North Sideline,460,$50.00 ,258,,,258,,0,258,
00. Champ Series,250214,25CSALL,9,D,South Sideline (GA),1500,$30.00 ,1283,,,1283,,0,1283,
00. Champ Series,250214,25CSALL,9,E,TSL,,,0,,,,,0,0,
00. Champ Series,250214,25CSALL,9,F,Suites,,,0,,,,,0,0,
00. Champ Series,250214,25CSALL,9,G,Suites,,,0,,,,,0,0,
00. Champ Series,250215A,25CSALL,9,A,Field Seats,40,$75.00 ,7,,,7,,0,7,
00. Champ Series,250215A,25CSALL,9,B,Field Seats,40,$75.00 ,7,,,7,,0,7,
00. Champ Series,250215A,25CSALL,9,C,North Sideline,460,$40.00 ,147,,,147,,0,147,
00. Champ Series,250215A,25CSALL,9,D,South Sideline (GA),1500,$25.00 ,784,,,784,,0,784,
00. Champ Series,250215A,25CSALL,9,E,TSL,,,0,,,,,0,0,
00. Champ Series,250215A,25CSALL,9,F,Suites,,,0,,,,,0,0,
00. Champ Series,250215A,25CSALL,9,G,Suites,,,0,,,,,0,0,
00. Champ Series,250215E,25CSALL,9,A,Field Seats,40,$150.00 ,17,,,17,,0,17,
00. Champ Series,250215E,25CSALL,9,B,Field Seats,40,$150.00 ,17,,,17,,0,17,
00. Champ Series,250215E,25CSALL,9,C,North Sideline,460,$60.00 ,331,,,331,,0,331,
00. Champ Series,250215E,25CSALL,9,D,South Sideline (GA),1500,$40.00 ,1354,,,1354,,0,1354,
00. Champ Series,250215E,25CSALL,9,E,TSL,,,0,,,,,0,0,
00. Champ Series,250215E,25CSALL,9,F,Suites,,,0,,,,,0,0,
00. Champ Series,250215E,25CSALL,9,G,Suites,,,0,,,,,0,0,
00. Champ Series,250216A,25CSALL,9,A,Field Seats,40,$75.00 ,7,,,7,,0,7,
00. Champ Series,250216A,25CSALL,9,B,Field Seats,40,$75.00 ,7,,,7,,0,7,
00. Champ Series,250216A,25CSALL,9,C,North Sideline,460,$40.00 ,92,,,92,,0,92,
00. Champ Series,250216A,25CSALL,9,D,South Sideline (GA),1500,$25.00 ,570,,,570,,0,570,
00. Champ Series,250216A,25CSALL,9,E,TSL,,,0,,,,,0,0,
00. Champ Series,250216A,25CSALL,9,F,Suites,,,0,,,,,0,0,
00. Champ Series,250216A,25CSALL,9,G,Suites,,,0,,,,,0,0,
00. Champ Series,250216E,25CSALL,9,A,Field Seats,40,$150.00 ,34,,,34,,0,34,
00. Champ Series,250216E,25CSALL,9,B,Field Seats,40,$150.00 ,0,,,0,,0,0,
00. Champ Series,250216E,25CSALL,9,C,North Sideline,460,$55.00 ,313,,,313,,0,313,
00. Champ Series,250216E,25CSALL,9,D,South Sideline (GA),1500,$35.00 ,1283,,,1283,,0,1283,
00. Champ Series,250216E,25CSALL,9,E,TSL,,,0,,,,,0,0,
00. Champ Series,250216E,25CSALL,9,F,Suites,,,0,,,,,0,0,
00. Champ Series,250216E,25CSALL,9,G,Suites,,,0,,,,,0,0,
00. Champ Series,250217,25CSALL,9,A,Field Seats,40,$125.00 ,13.5,,,13.5,,0,13.5,
00. Champ Series,250217,25CSALL,9,B,Field Seats,40,$125.00 ,13.5,,,13.5,,0,13.5,
00. Champ Series,250217,25CSALL,9,C,North Sideline,460,$45.00 ,258,,,258,,0,258,
00. Champ Series,250217,25CSALL,9,D,South Sideline (GA),1500,$25.00 ,1211,,,1211,,0,1211,
00. Champ Series,250217,25CSALL,9,E,TSL,,,0,,,,,0,0,
00. Champ Series,250217,25CSALL,9,F,Suites,,,0,,,,,0,0,
00. Champ Series,250217,25CSALL,9,G,Suites,,,0,,,,,0,0,
01. Albany,250530,25AHP,3,A,Price Level 1,60,$199.00 ,39,12,6,13,8,18,21,
01. Albany,250530,25AHP,3,C,Price Level 3,96,$75.00 ,87,38,10,12,27,48,39,
01. Albany,250530,25AHP,3,D,Price Level 4,270,$65.00 ,194,65,16,34,79,81,113,
01. Albany,250530,25AHP,3,E,Price Level 5,312,$55.00 ,231,87,22,37,85,109,122,
01. Albany,250530,25AHP,3,F,Price Level 6,210,$45.00 ,155,20,11,37,87,31,124,
01. Albany,250530,25AHP,3,G,Price Level 7,2529,$35.00 ,1250,132,71,314,733,203,1047,
01. Albany,250530,25AHP,3,H,Price Level 8,2164,$20.00 ,855,98,53,70,634,151,704,
01. Albany,250530,25AHP,3,I,Price Level 9 (GA Lawn),2000,$15.00 ,0,0,0,0,0,0,0,
01. Albany,250530,25AHP,3,J,Price Level 13 (CLUB),50,$150.00 ,34,0,0,34,0,0,34,
01. Albany,250530,25AHP,3,K,Price Level 10 (114-117),376,$35.00 ,195,49,26,60,60,75,120,
01. Albany,250530,25AHP,3,L,Price Level 11 (Supporters),113,$25.00 ,25,6,3,16,0,9,16,
01. Albany,250530,25AHP,3,M,Price Level 12 (Supporters) Back half,171,$25.00 ,45,0,13,32,0,13,32,
01. Albany,250530,25AHP,3,N,,,$0.00 ,0,0,0,0,0,0,0,
01. Albany,250530,25AHP,3,O,,,$286.00 ,0,0,0,0,0,0,0,
01. Albany,250530,25AHP,3,P,,,$250.00 ,0,0,0,0,0,0,0,
01. Albany,250530,25AHP,3,Q,,,$225.00 ,0,0,0,0,0,0,0,
01. Albany,250531A,25AHP,3,A,Price Level 1,60,$125.00 ,35,12,6,10,7,18,17,
01. Albany,250531A,25AHP,3,C,Price Level 3,96,$60.00 ,76,38,10,14,14,48,28,
01. Albany,250531A,25AHP,3,D,Price Level 4,270,$50.00 ,147,65,16,30,36,81,66,
01. Albany,250531A,25AHP,3,E,Price Level 5,312,$35.00 ,180,87,22,18,53,109,71,
01. Albany,250531A,25AHP,3,F,Price Level 6,210,$30.00 ,94,20,11,16,47,31,63,
01. Albany,250531A,25AHP,3,G,Price Level 7,2529,$25.00 ,1017,132,71,163,651,203,814,
01. Albany,250531A,25AHP,3,H,Price Level 8,2164,$15.00 ,453,98,53,60,242,151,302,
01. Albany,250531A,25AHP,3,I,Price Level 9 (GA Lawn),2000,$10.00 ,100,0,0,50,50,0,100,
01. Albany,250531A,25AHP,3,J,Price Level 13 (CLUB),50,$125.00 ,34,0,0,34,0,0,34,
01. Albany,250531A,25AHP,3,K,Price Level 10 (114-117),376,$25.00 ,195,49,26,60,60,75,120,
01. Albany,250531A,25AHP,3,L,Price Level 11 (Supporters),113,$25.00 ,40,6,3,31,0,9,31,
01. Albany,250531A,25AHP,3,M,Price Level 12 (Supporters) Back half,171,$25.00 ,60,0,13,47,0,13,47,
01. Albany,250531A,25AHP,3,N,,,$0.00 ,0,0,0,0,0,0,0,
01. Albany,250531A,25AHP,3,O,,,$286.00 ,0,0,0,0,0,0,0,
01. Albany,250531A,25AHP,3,P,,,$250.00 ,0,0,0,0,0,0,0,
01. Albany,250531A,25AHP,3,Q,,,$200.00 ,0,0,0,0,0,0,0,
01. Albany,250531E,25AHP,3,A,Price Level 1,60,$199.00 ,43,12,6,15,10,18,25,
01. Albany,250531E,25AHP,3,C,Price Level 3,96,$70.00 ,86,38,10,19,19,48,38,
01. Albany,250531E,25AHP,3,D,Price Level 4,270,$60.00 ,213,65,16,66,66,81,132,
01. Albany,250531E,25AHP,3,E,Price Level 5,312,$50.00 ,251,87,22,71,71,109,142,
01. Albany,250531E,25AHP,3,F,Price Level 6,210,$45.00 ,155,20,11,62,62,31,124,
01. Albany,250531E,25AHP,3,G,Price Level 7,2529,$35.00 ,1831,132,71,651,977,203,1628,
01. Albany,250531E,25AHP,3,H,Price Level 8,2164,$20.00 ,1157,98,53,201,805,151,1006,
01. Albany,250531E,25AHP,3,I,Price Level 9 (GA Lawn),2000,$15.00 ,0,0,0,0,0,0,0,
01. Albany,250531E,25AHP,3,J,Price Level 13 (CLUB),50,$125.00 ,34,0,0,34,0,0,34,
01. Albany,250531E,25AHP,3,K,Price Level 10 (114-117),376,$30.00 ,195,49,26,60,60,75,120,
01. Albany,250531E,25AHP,3,L,Price Level 11 (Supporters),113,$25.00 ,25,6,3,16,0,9,16,
01. Albany,250531E,25AHP,3,M,Price Level 12 (Supporters) Back half,171,$25.00 ,45,0,13,32,0,13,32,
01. Albany,250531E,25AHP,3,N,,,$0.00 ,0,0,0,0,0,0,0,
01. Albany,250531E,25AHP,3,O,,,$286.00 ,0,0,0,0,0,0,0,
01. Albany,250531E,25AHP,3,P,,,$250.00 ,0,0,0,0,0,0,0,
01. Albany,250531E,25AHP,3,Q,,,$200.00 ,0,0,0,0,0,0,0,
02. Charlotte,250606,25CHP,3,A,Price Level 1,60,$199.00 ,39,17,7,9,6,24,15,
02. Charlotte,250606,25CHP,3,C,Price Level 3,180,$75.00 ,156,69,30,23,34,99,57,
02. Charlotte,250606,25CHP,3,D,Price Level 4,1120,$65.00 ,744,125,54,226,339,179,565,
02. Charlotte,250606,25CHP,3,E,Price Level 5,730,$49.00 ,592,123,53,166,250,176,416,
02. Charlotte,250606,25CHP,3,F,Price Level 6,2920,$35.00 ,1607,204,88,329,986,292,1315,
02. Charlotte,250606,25CHP,3,G,Price Level 7,1934,$28.00 ,839,55,24,190,570,79,760,
02. Charlotte,250606,25CHP,3,H,Price Level 8,2031,$20.00 ,101,0,0,15,86,0,101,
02. Charlotte,250606,25CHP,3,I,Suites,0,$0.00 ,0,0,0,0,0,0,0,
02. Charlotte,250606,25CHP,3,J,,,,0,0,0,0,0,0,0,
02. Charlotte,250606,25CHP,3,K,Club/Premium,50,$150.00 ,14,0,0,14,0,0,14,
02. Charlotte,250606,25CHP,3,L,Supporters - 125 Front,160,$28.00 ,83,22,10,51,0,32,51,
02. Charlotte,250606,25CHP,3,M,Supporters - 125 Back,140,$20.00 ,131,25,11,95,0,36,95,
02. Charlotte,250607A,25CHP,3,A,Price Level 1,60,$125.00 ,31,17,7,5,2,24,7,
02. Charlotte,250607A,25CHP,3,C,Price Level 3,180,$65.00 ,115,69,30,8,8,99,16,
02. Charlotte,250607A,25CHP,3,D,Price Level 4,1120,$50.00 ,321,125,54,71,71,179,142,
02. Charlotte,250607A,25CHP,3,E,Price Level 5,730,$35.00 ,314,123,53,69,69,176,138,
02. Charlotte,250607A,25CHP,3,F,Price Level 6,2920,$28.00 ,817,204,88,210,315,292,525,
02. Charlotte,250607A,25CHP,3,G,Price Level 7,1934,$20.00 ,459,55,24,190,190,79,380,
02. Charlotte,250607A,25CHP,3,H,Price Level 8,2031,$15.00 ,0,0,0,0,0,0,0,
02. Charlotte,250607A,25CHP,3,I,Suites,0,$0.00 ,0,0,0,0,0,0,0,
02. Charlotte,250607A,25CHP,3,J,,,,0,0,0,0,0,0,0,
02. Charlotte,250607A,25CHP,3,K,Club/Premium,50,$125.00 ,14,0,0,14,0,0,14,
02. Charlotte,250607A,25CHP,3,L,Supporters - 125 Front,160,$20.00 ,70,22,10,38,0,32,38,
02. Charlotte,250607A,25CHP,3,M,Supporters - 125 Back,140,$15.00 ,110,25,11,74,0,36,74,
02. Charlotte,250607E,25CHP,3,A,Price Level 1,60,$199.00 ,46,17,7,13,9,24,22,
02. Charlotte,250607E,25CHP,3,C,Price Level 3,180,$70.00 ,164,69,30,26,39,99,65,
02. Charlotte,250607E,25CHP,3,D,Price Level 4,1120,$60.00 ,837,125,54,263,395,179,658,
02. Charlotte,250607E,25CHP,3,E,Price Level 5,730,$45.00 ,592,123,53,166,250,176,416,
02. Charlotte,250607E,25CHP,3,F,Price Level 6,2920,$35.00 ,2000,204,88,427,1281,292,1708,
02. Charlotte,250607E,25CHP,3,G,Price Level 7,1934,$28.00 ,1028,55,24,237,712,79,949,
02. Charlotte,250607E,25CHP,3,H,Price Level 8,2031,$20.00 ,0,0,0,0,0,0,0,
02. Charlotte,250607E,25CHP,3,I,Suites,0,$0.00 ,0,0,0,0,0,0,0,
02. Charlotte,250607E,25CHP,3,J,,,,0,0,0,0,0,0,0,
02. Charlotte,250607E,25CHP,3,K,Club/Premium,50,$125.00 ,14,0,0,14,0,0,14,
02. Charlotte,250607E,25CHP,3,L,Supporters - 125 Front,160,$28.00 ,96,22,10,64,0,32,64,
02. Charlotte,250607E,25CHP,3,M,Supporters - 125 Back,140,$20.00 ,131,25,11,95,0,36,95,
03. Philadelphia,250613,25PHP,3,A,Price Level 1,60,$199.00 ,45,10,8,22,5,18,27,
03. Philadelphia,250613,25PHP,3,B,Price Level 2,2000,$65.00 ,444,99,72,96,177,171,273,
03. Philadelphia,250613,25PHP,3,C,Price Level 3,2554,$50.00 ,644,49,40,194,361,89,555,
03. Philadelphia,250613,25PHP,3,D,Price Level 4,2019,$42.00 ,395,18,15,127,235,33,362,
03. Philadelphia,250613,25PHP,3,E,Price Level 5,2843,$35.00 ,397,26,21,105,245,47,350,
03. Philadelphia,250613,25PHP,3,F,Price Level 6,2037,$25.00 ,392,56,46,87,203,102,290,
03. Philadelphia,250613,25PHP,3,G,Club,50,$150.00 ,11,0,0,9,2,0,11,
03. Philadelphia,250613,25PHP,3,H,Supporters - NF Front,45,$28.00 ,244,24,20,200,0,44,200,
03. Philadelphia,250613,25PHP,3,I,Supporters - NF Back,24,$22.00 ,165,16,13,136,0,29,136,
03. Philadelphia,250613,25PHP,3,J,Suites,,$0.00 ,0,0,0,0,0,0,0,
03. Philadelphia,250614A,25PHP,3,A,Price Level 1,60,$125.00 ,35,10,8,15,2,18,17,
03. Philadelphia,250614A,25PHP,3,B,Price Level 2,2000,$45.00 ,308,99,72,55,82,171,137,
03. Philadelphia,250614A,25PHP,3,C,Price Level 3,2554,$39.00 ,397,49,40,123,185,89,308,
03. Philadelphia,250614A,25PHP,3,D,Price Level 4,2019,$35.00 ,234,18,15,80,121,33,201,
03. Philadelphia,250614A,25PHP,3,E,Price Level 5,2843,$28.00 ,164,26,21,41,76,47,117,
03. Philadelphia,250614A,25PHP,3,F,Price Level 6,2037,$22.00 ,344,56,46,85,157,102,242,
03. Philadelphia,250614A,25PHP,3,G,Club,50,$100.00 ,11,0,0,9,2,0,11,
03. Philadelphia,250614A,25PHP,3,H,Supporters - NF Front,45,$22.00 ,64,24,20,20,0,44,20,
03. Philadelphia,250614A,25PHP,3,I,Supporters - NF Back,24,$18.00 ,74,16,13,45,0,29,45,
03. Philadelphia,250614A,25PHP,3,J,Suites,0,$0.00 ,0,0,0,0,0,0,0,
03. Philadelphia,250614E,25PHP,3,A,Price Level 1,60,$150.00 ,52,10,8,27,7,18,34,
03. Philadelphia,250614E,25PHP,3,B,Price Level 2,2000,$65.00 ,626,99,72,205,250,171,455,
03. Philadelphia,250614E,25PHP,3,C,Price Level 3,2554,$50.00 ,707,49,40,278,340,89,618,
03. Philadelphia,250614E,25PHP,3,D,Price Level 4,2019,$42.00 ,395,18,15,163,199,33,362,
03. Philadelphia,250614E,25PHP,3,E,Price Level 5,2843,$35.00 ,514,26,21,187,280,47,467,
03. Philadelphia,250614E,25PHP,3,F,Price Level 6,2037,$25.00 ,682,56,46,232,348,102,580,
03. Philadelphia,250614E,25PHP,3,G,Club,50,$125.00 ,11,0,0,9,2,0,11,
03. Philadelphia,250614E,25PHP,3,H,Supporters - NF Front,45,$28.00 ,244,24,20,200,0,44,200,
03. Philadelphia,250614E,25PHP,3,I,Supporters - NF Back,24,$22.00 ,165,16,13,136,0,29,136,
03. Philadelphia,250614E,25PHP,3,J,Suites,0,$0.00 ,0,0,0,0,0,0,0,
04. Baltimore,250621,25BHP,2,A,Price Level 1,60,$225.00 ,51,9,6,22,14,15,36,
04. Baltimore,250621,25BHP,2,B,Price Level 2,0,$0.00 ,0,0,0,0,0,0,0,
04. Baltimore,250621,25BHP,2,D,Price Level 4,1781,$65.00 ,671,118,78,285,190,196,475,
04. Baltimore,250621,25BHP,2,E,Price Level 5,814,$50.00 ,528,59,39,258,172,98,430,
04. Baltimore,250621,25BHP,2,F,Price Level 6,2740,$40.00 ,1557,66,44,796,651,110,1447,
04. Baltimore,250621,25BHP,2,G,Price Level 7,1464,$25.00 ,983,53,35,492,403,88,895,
04. Baltimore,250621,25BHP,2,H,Price Level 8 (SRO),900,$20.00 ,0,0,0,0,0,0,0,
04. Baltimore,250621,25BHP,2,J,,,,0,0,0,0,0,0,0,
04. Baltimore,250621,25BHP,2,K,Supporters - 19 Front,245,$35.00 ,167,29,20,118,0,49,118,
04. Baltimore,250621,25BHP,2,L,Supporters - 19 Back,280,$20.00 ,133,42,28,63,0,70,63,
04. Baltimore,250621,25BHP,2,M,,,,0,0,0,0,0,0,0,
04. Baltimore,250621,25BHP,2,N,,,,0,0,0,0,0,0,0,
04. Baltimore,250622,25BHP,2,A,Price Level 1,60,$225.00 ,51,9,6,22,14,15,36,
04. Baltimore,250622,25BHP,2,B,Price Level 2,0,$0.00 ,0,0,0,0,0,0,0,
04. Baltimore,250622,25BHP,2,D,Price Level 4,1781,$65.00 ,672,118,78,262,214,196,476,
04. Baltimore,250622,25BHP,2,E,Price Level 5,814,$50.00 ,456,59,39,197,161,98,358,
04. Baltimore,250622,25BHP,2,F,Price Level 6,2740,$40.00 ,1030,66,44,506,414,110,920,
04. Baltimore,250622,25BHP,2,G,Price Level 7,1464,$25.00 ,570,53,35,265,217,88,482,
04. Baltimore,250622,25BHP,2,H,Price Level 8 (SRO),900,$20.00 ,0,0,0,0,0,0,0,
04. Baltimore,250622,25BHP,2,J,,,,0,0,0,0,0,0,0,
04. Baltimore,250622,25BHP,2,K,Supporters - 19 Front,245,$35.00 ,147,29,20,98,0,49,98,
04. Baltimore,250622,25BHP,2,L,Supporters - 19 Back,280,$20.00 ,123,42,28,53,0,70,53,
04. Baltimore,250622,25BHP,2,M,,,,0,0,0,0,0,0,0,
04. Baltimore,250622,25BHP,2,N,,,,0,0,0,0,0,0,0,
05. San Diego,250627,25SDHP,2,A,Price Level 1,60,$199.00 ,41,0,6,21,14,6,35,
05. San Diego,250627,25SDHP,2,B,Price Level 2,240,$65.00 ,194,81,27,0,86,108,86,
05. San Diego,250627,25SDHP,2,C,Price Level 3,284,$60.00 ,215,64,21,65,65,85,130,
05. San Diego,250627,25SDHP,2,D,Price Level 4,540,$55.00 ,453,142,47,132,132,189,264,
05. San Diego,250627,25SDHP,2,E,Price Level 5,1016,$45.00 ,315,61,20,105,129,81,234,
05. San Diego,250627,25SDHP,2,F,Price Level 6,1033,$40.00 ,265,61,20,83,101,81,184,
05. San Diego,250627,25SDHP,2,G,Price Level 7,1444,$30.00 ,446,136,45,119,146,181,265,
05. San Diego,250627,25SDHP,2,H,Price Level 8,968,$20.00 ,286,44,15,102,125,59,227,
05. San Diego,250627,25SDHP,2,I,Price Level 9 (CLUB),50,$150.00 ,14,0,0,14,0,0,14,
05. San Diego,250627,25SDHP,2,J,Price Level 10 (Supporters),111,$25.00 ,338,101,34,203,0,135,203,
05. San Diego,250627,25SDHP,2,K,Suites,,,0,0,0,0,0,0,0,
05. San Diego,250628,25SDHP,2,A,Price Level 1,60,$199.00 ,44,0,6,23,15,6,38,
05. San Diego,250628,25SDHP,2,B,Price Level 2,240,$65.00 ,200,81,27,0,92,108,92,
05. San Diego,250628,25SDHP,2,C,Price Level 3,284,$60.00 ,225,64,21,70,70,85,140,
05. San Diego,250628,25SDHP,2,D,Price Level 4,540,$55.00 ,505,142,47,158,158,189,316,
05. San Diego,250628,25SDHP,2,E,Price Level 5,1016,$45.00 ,455,61,20,168,206,81,374,
05. San Diego,250628,25SDHP,2,F,Price Level 6,1033,$40.00 ,403,61,20,145,177,81,322,
05. San Diego,250628,25SDHP,2,G,Price Level 7,1444,$30.00 ,645,136,45,209,255,181,464,
05. San Diego,250628,25SDHP,2,H,Price Level 8,968,$20.00 ,377,44,15,143,175,59,318,
05. San Diego,250628,25SDHP,2,I,Price Level 9 (CLUB),50,$150.00 ,14,0,0,14,0,0,14,
05. San Diego,250628,25SDHP,2,J,Price Level 10 (Supporters),111,$25.00 ,338,101,34,203,0,135,203,
05. San Diego,250628,25SDHP,2,K,Suites,,,0,0,0,0,0,0,0,
06. Kansas City,250704,25KCWP,2,A,Pitch Club,420,$120 ,155,0,0,97,58,0,155,
06. Kansas City,250704,25KCWP,2,B,West Sideline Club,308,$80 ,198,0,0,122,76,0,198,
06. Kansas City,250704,25KCWP,2,C,Loge Rail,80,$90 ,44,0,0,28,16,0,44,
06. Kansas City,250704,25KCWP,2,D,West Loge Box,24,$100 ,12,0,0,7,5,0,12,
06. Kansas City,250704,25KCWP,2,E,Upper West Club,209,$45 ,42,0,0,25,17,0,42,
06. Kansas City,250704,25KCWP,2,F,Upper West Center,272,$40 ,55,0,0,33,22,0,55,
06. Kansas City,250704,25KCWP,2,G,East Sideline Center,122,$60 ,68,0,0,42,26,0,68,
06. Kansas City,250704,25KCWP,2,H,Upper East Center,408,$40 ,151,0,0,95,56,0,151,
06. Kansas City,250704,25KCWP,2,I,East Sideline Mid,660,$50 ,541,0,0,331,210,0,541,
06. Kansas City,250704,25KCWP,2,J,Upper West Mid,1260,$25 ,63,0,0,38,25,0,63,
06. Kansas City,250704,25KCWP,2,K,East Sideline Goal,770,$35 ,632,0,0,387,245,0,632,
06. Kansas City,250704,25KCWP,2,L,East Loge Box,32,$30 ,0,0,0,0,0,0,0,
06. Kansas City,250704,25KCWP,2,M,Upper West Goal,1064,$20 ,53,0,0,32,21,0,53,
06. Kansas City,250704,25KCWP,2,N,North Goal,167,$20 ,33,0,0,20,13,0,33,
06. Kansas City,250704,25KCWP,2,O,North Rail,32,$20 ,0,0,0,0,0,0,0,
06. Kansas City,250704,25KCWP,2,P,North Goal Barstool,26,$20 ,0,0,0,0,0,0,0,
06. Kansas City,250704,25KCWP,2,Q,Upper East Mid,1824,$25 ,730,0,0,438,292,0,730,
06. Kansas City,250704,25KCWP,2,R,Upper East Goal,1320,$20 ,396,0,0,238,158,0,396,
06. Kansas City,250704,25KCWP,2,S,Supporters,1364,$20 ,0,0,0,0,0,0,0,
06. Kansas City,250705,25KCWP,2,A,Pitch Club,420,$140.00 ,155,0,0,97,58,0,155,
06. Kansas City,250705,25KCWP,2,B,West Sideline Club,308,$90.00 ,198,0,0,122,76,0,198,
06. Kansas City,250705,25KCWP,2,C,Loge Rail,80,$100.00 ,44,0,0,28,16,0,44,
06. Kansas City,250705,25KCWP,2,D,West Loge Box,24,$110.00 ,12,0,0,7,5,0,12,
06. Kansas City,250705,25KCWP,2,E,Upper West Club,209,$50.00 ,42,0,0,25,17,0,42,
06. Kansas City,250705,25KCWP,2,F,Upper West Center,272,$45.00 ,54,0,0,35,19,0,54,
06. Kansas City,250705,25KCWP,2,G,East Sideline Center,122,$60.00 ,68,0,0,45,23,0,68,
06. Kansas City,250705,25KCWP,2,H,Upper East Center,408,$40.00 ,151,0,0,95,56,0,151,
06. Kansas City,250705,25KCWP,2,I,East Sideline Mid,660,$50.00 ,541,0,0,355,186,0,541,
06. Kansas City,250705,25KCWP,2,J,Upper West Mid,1260,$30.00 ,63,0,0,38,25,0,63,
06. Kansas City,250705,25KCWP,2,K,East Sideline Goal,770,$35.00 ,632,0,0,387,245,0,632,
06. Kansas City,250705,25KCWP,2,L,East Loge Box,32,$30.00 ,0,0,0,0,0,0,0,
06. Kansas City,250705,25KCWP,2,M,Upper West Goal,1064,$25.00 ,53,0,0,32,21,0,53,
06. Kansas City,250705,25KCWP,2,N,North Goal,167,$20.00 ,33,0,0,20,13,0,33,
06. Kansas City,250705,25KCWP,2,O,North Rail,32,$20.00 ,0,0,0,0,0,0,0,
06. Kansas City,250705,25KCWP,2,P,North Goal Barstool,26,$20.00 ,0,0,0,0,0,0,0,
06. Kansas City,250705,25KCWP,2,Q,Upper East Mid,1824,$25.00 ,730,0,0,438,292,0,730,
06. Kansas City,250705,25KCWP,2,R,Upper East Goal,1320,$20.00 ,396,0,0,238,158,0,396,
06. Kansas City,250705,25KCWP,2,S,Supporters,1364,$20.00 ,0,0,0,0,0,0,0,
07. Chicago,250711,NA,2,A,Price Level 1 (East Prime),119,$125.00 ,107,0,0,64,43,0,107,
07. Chicago,250711,NA,2,B,Price Level 2 (West Prime),200,$65.00 ,180,0,0,108,72,0,180,
07. Chicago,250711,NA,2,C,Price Level 3 (GA),3181,$39.00 ,2863,0,0,1718,1145,0,2863,
07. Chicago,250712,NA,2,A,Price Level 1 (East Prime),119,$125.00 ,107,0,0,64,43,0,107,
07. Chicago,250712,NA,2,B,Price Level 2 (West Prime),200,$65.00 ,180,0,0,108,72,0,180,
07. Chicago,250712,NA,2,C,Price Level 3 (GA),3181,$39.00 ,2863,0,0,1718,1145,0,2863,
08. Fairfield,250718,WK,3,A,Price Level 1,60,$225.00 ,45,0,0,27,18,0,45,
08. Fairfield,250718,WK,3,B,Price Level 2 (GA),3600,$52.00 ,2880,0,0,1440,1440,0,2880,
08. Fairfield,250718,WK,3,C,Price Level 3 (CLUB),0,$125.00 ,0,0,0,0,0,0,0,
08. Fairfield,250719A,WK,3,A,Price Level 1,60,$199.00 ,36,0,0,22,14,0,36,
08. Fairfield,250719A,WK,3,B,Price Level 2 (GA),3600,$35.00 ,1800,0,0,1080,720,0,1800,
08. Fairfield,250719A,WK,3,C,Price Level 3 (CLUB),0,$125.00 ,0,0,0,0,0,0,0,
08. Fairfield,250719E,WK,3,A,Price Level 1,60,$225.00 ,45,0,0,27,18,0,45,
08. Fairfield,250719E,WK,3,B,Price Level 2 (GA),3600,$45.00 ,3060,0,0,1683,1377,0,3060,
08. Fairfield,250719E,WK,3,C,Price Level 3 (CLUB),0,$125.00 ,0,0,0,0,0,0,0,
09. Salt Lake City,250725,25SDHP,2,A,Price Level 1,60,$225.00 ,55,34,11,8,2,45,10,
09. Salt Lake City,250725,25SDHP,2,B,Price Level 2,0,$0.00 ,0,0,0,0,0,0,0,
09. Salt Lake City,250725,25SDHP,2,C,Price Level 3,50,$78.00 ,50,28,9,6,7,37,13,
09. Salt Lake City,250725,25SDHP,2,D,Price Level 4,682,$67.00 ,572,179,60,150,183,239,333,
09. Salt Lake City,250725,25SDHP,2,E,Price Level 5,605,$59.00 ,530,227,76,102,125,303,227,
09. Salt Lake City,250725,25SDHP,2,F,Price Level 6,1988,$42.00 ,1639,477,119,417,626,596,1043,
09. Salt Lake City,250725,25SDHP,2,G,Price Level 7,680,$35.00 ,629,136,34,184,275,170,459,
09. Salt Lake City,250725,25SDHP,2,I,Suites,,,0,0,0,0,0,0,0,
09. Salt Lake City,250725,25SDHP,2,J,,,$0.00 ,0,0,0,0,0,0,0,
09. Salt Lake City,250725,25SDHP,2,K,,,$0.00 ,0,0,0,0,0,0,0,
09. Salt Lake City,250725,25SDHP,2,L,Supporter Section,207,$30.00 ,202,78,26,98,0,104,98,
09. Salt Lake City,250725,25SDHP,2,M,Club,75,$150.00 ,8,0,0,8,0,0,8,
09. Salt Lake City,250725,25SDHP,2,N,SRO,500,$20.00 ,0,0,0,0,0,0,0,
09. Salt Lake City,250726,25SDHP,2,A,Price Level 1,60,$225.00 ,57,34,11,10,2,45,12,
09. Salt Lake City,250726,25SDHP,2,B,Price Level 2,0,$0.00 ,0,0,0,0,0,0,0,
09. Salt Lake City,250726,25SDHP,2,C,Price Level 3,50,$78.00 ,50,28,9,6,7,37,13,
09. Salt Lake City,250726,25SDHP,2,D,Price Level 4,682,$67.00 ,661,179,60,190,232,239,422,
09. Salt Lake City,250726,25SDHP,2,E,Price Level 5,605,$59.00 ,590,227,76,129,158,303,287,
09. Salt Lake City,250726,25SDHP,2,F,Price Level 6,1988,$42.00 ,1848,477,119,501,751,596,1252,
09. Salt Lake City,250726,25SDHP,2,G,Price Level 7,680,$35.00 ,629,136,34,184,275,170,459,
09. Salt Lake City,250726,25SDHP,2,I,Suites,,,0,0,0,0,0,0,0,
09. Salt Lake City,250726,25SDHP,2,J,,,$0.00 ,0,0,0,0,0,0,0,
09. Salt Lake City,250726,25SDHP,2,K,,,$0.00 ,0,0,0,0,0,0,0,
09. Salt Lake City,250726,25SDHP,2,L,Supporter Section,207,$30.00 ,202,78,26,98,0,104,98,
09. Salt Lake City,250726,25SDHP,2,M,Club,75,$150.00 ,8,0,0,8,0,0,8,
09. Salt Lake City,250726,25SDHP,2,N,SRO,500,$20.00 ,0,0,0,0,0,0,0,
10. Denver,250801,PLLWP,3,A,Field Seats,60,$199.00 ,52,25,8,15,4,33,19,
10. Denver,250801,PLLWP,3,B,Homecoming,805,$52.00 ,805,684,121,0,0,805,0,
10. Denver,250801,PLLWP,3,C,GA,1275,$45.00 ,1212,0,0,727,485,0,1212,
10. Denver,250801,PLLWP,3,D,GA Overflow,300,$45.00 ,270,0,0,162,108,0,270,
10. Denver,250801,PLLWP,3,E,Hill,200,$30.00 ,180,0,0,108,72,0,180,
10. Denver,250802A,PLLWP,3,A,Field Seats,60,$225.00 ,52,25,8,15,4,33,19,
10. Denver,250802A,PLLWP,3,B,Homecoming,805,$59.00 ,805,684,121,0,0,805,0,
10. Denver,250802A,PLLWP,3,C,GA,1275,$55.00 ,1276,0,0,893,383,0,1276,
10. Denver,250802A,PLLWP,3,D,GA Overflow,300,$55.00 ,300,0,0,195,105,0,300,
10. Denver,250802A,PLLWP,3,E,Hill,200,$35.00 ,200,0,0,130,70,0,200,
10. Denver,250802E,PLLWP,3,A,Field Seats,60,$199.00 ,52,25,8,15,4,33,19,
10. Denver,250802E,PLLWP,3,B,Homecoming,805,$49.00 ,805,684,121,0,0,805,0,
10. Denver,250802E,PLLWP,3,C,GA,1275,$42.00 ,1148,0,0,689,459,0,1148,
10. Denver,250802E,PLLWP,3,D,GA Overflow,300,$42.00 ,240,0,0,144,96,0,240,
10. Denver,250802E,PLLWP,3,E,Hill,200,$30.00 ,160,0,0,96,64,0,160,
11. Boston,250808,25BSHP,3,A,Price Level 1,60,$225.00 ,39,12,6,17,4,18,21,
11. Boston,250808,25BSHP,3,B,Price Level 2,967,$70.00 ,571,126,58,174,213,184,387,
11. Boston,250808,25BSHP,3,C,Price Level 3,2677,$60.00 ,740,61,33,291,355,94,646,
11. Boston,250808,25BSHP,3,D,Price Level 4,2388,$50.00 ,906,70,38,279,519,108,798,
11. Boston,250808,25BSHP,3,E,Price Level 5,2388,$32.00 ,1070,124,67,308,571,191,879,
11. Boston,250808,25BSHP,3,I,Club/Premium,75,$150.00 ,29,0,0,29,0,0,29,
11. Boston,250808,25BSHP,3,J,Supporters - 33 Front,291,$50.00 ,167,28,15,124,0,43,124,
11. Boston,250808,25BSHP,3,K,Supporters - 33 Back,336,$32.00 ,125,22,12,91,0,34,91,
11. Boston,250808,25BSHP,3,L,Suites,,,0,0,0,0,0,0,0,
11. Boston,250809A,25BSHP,3,A,Price Level 1,60,$150.00 ,27,12,6,7,2,18,9,
11. Boston,250809A,25BSHP,3,B,Price Level 2,967,$60.00 ,339,126,58,93,62,184,155,
11. Boston,250809A,25BSHP,3,C,Price Level 3,2677,$45.00 ,481,61,33,232,155,94,387,
11. Boston,250809A,25BSHP,3,D,Price Level 4,2388,$40.00 ,564,70,38,274,182,108,456,
11. Boston,250809A,25BSHP,3,E,Price Level 5,2388,$25.00 ,741,124,67,330,220,191,550,
11. Boston,250809A,25BSHP,3,I,Club/Premium,75,$125.00 ,29,0,0,29,0,0,29,
11. Boston,250809A,25BSHP,3,J,Supporters - 33 Front,291,$40.00 ,117,28,15,74,0,43,74,
11. Boston,250809A,25BSHP,3,K,Supporters - 33 Back,336,$25.00 ,94,22,12,60,0,34,60,
11. Boston,250809A,25BSHP,3,L,Suites,,,0,0,0,0,0,0,0,
11. Boston,250809E,25BSHP,3,A,Price Level 1,60,$200.00 ,39,12,6,15,6,18,21,
11. Boston,250809E,25BSHP,3,B,Price Level 2,967,$65.00 ,687,126,58,151,352,184,503,
11. Boston,250809E,25BSHP,3,C,Price Level 3,2677,$55.00 ,740,61,33,194,452,94,646,
11. Boston,250809E,25BSHP,3,D,Price Level 4,2388,$45.00 ,907,70,38,200,599,108,799,
11. Boston,250809E,25BSHP,3,E,Price Level 5,2388,$29.00 ,1399,124,67,302,906,191,1208,
11. Boston,250809E,25BSHP,3,I,Club/Premium,75,$125.00 ,29,0,0,29,0,0,29,
11. Boston,250809E,25BSHP,3,J,Supporters - 33 Front,291,$45.00 ,241,28,15,198,0,43,198,
11. Boston,250809E,25BSHP,3,K,Supporters - 33 Back,336,$29.00 ,170,22,12,136,0,34,136,
11. Boston,250809E,25BSHP,3,L,Suites,,,0,0,0,0,0,0,0,
12. Minneapolis,250823,NA,1,A,Price Level 1,60,$150.00 ,48,0,0,29,19,0,48,
12. Minneapolis,250823,NA,1,B,Price Level 2,0,$0.00 ,0,0,0,0,0,0,0,
12. Minneapolis,250823,NA,1,C,Price Level 3,222,$75.00 ,144,0,0,72,72,0,144,
12. Minneapolis,250823,NA,1,D,Price Level 4,1104,$60.00 ,718,0,0,323,395,0,718,
12. Minneapolis,250823,NA,1,E,Price Level 5,1894,$45.00 ,1610,0,0,604,1006,0,1610,
12. Minneapolis,250823,NA,1,F,Price Level 6,2251,$25.00 ,2026,0,0,608,1418,0,2026,
12. Minneapolis,250823,NA,1,G,Price Level 7 (Lawn),300,$16.00 ,210,0,0,210,0,0,210,
12. Minneapolis,250823,NA,1,H,,,,0,0,0,0,0,0,0,
12. Minneapolis,250823,NA,1,I,,,,0,0,0,0,0,0,0,
12. Minneapolis,250823,NA,1,J,Price Level 8 (CLUB),250,$125.00 ,51,0,0,38,13,0,51,
12. Minneapolis,250823,NA,1,K,,,,0,0,0,0,0,0,0,
13. Philadelphia Subaru Park,250830,NA,1,A,Price Level 1,60,$199.00 ,54,0,0,32,22,0,54,
13. Philadelphia Subaru Park,250830,NA,1,B,Price Level 2,12,$0.00 ,0,0,0,0,0,0,0,
13. Philadelphia Subaru Park,250830,NA,1,C,Price Level 3,68,$110.00 ,34,0,0,14,20,0,34,
13. Philadelphia Subaru Park,250830,NA,1,D,Price Level 4,152,$99.00 ,137,0,0,55,82,0,137,
13. Philadelphia Subaru Park,250830,NA,1,E,Price Level 5,1660,$88.00 ,913,0,0,320,593,0,913,
13. Philadelphia Subaru Park,250830,NA,1,F,Price Level 6,1842,$72.00 ,921,0,0,322,599,0,921,
13. Philadelphia Subaru Park,250830,NA,1,G,Price Level 7,4337,$55.00 ,1952,0,0,683,1269,0,1952,
13. Philadelphia Subaru Park,250830,NA,1,H,Price Level 8,3615,$35.00 ,903,0,0,90,813,0,903,
13. Philadelphia Subaru Park,250830,NA,1,I,Price Level 9,3159,$25.00 ,790,0,0,395,395,0,790,
13. Philadelphia Subaru Park,250830,NA,1,J,Price Level 10,1858,$0.00 ,0,0,0,0,0,0,0,
14. SI Stadium,250914,NA,1,A,Price Level 1,654,$75.00 ,360,0,0,180,180,0,360,
14. SI Stadium,250914,NA,1,B,Price Level 2,1475,$85.00 ,812,0,0,406,406,0,812,
14. SI Stadium,250914,NA,1,C,Price Level 3,252,$62.00 ,151,0,0,60,91,0,151,
14. SI Stadium,250914,NA,1,D,Price Level 4,385,$55.00 ,231,0,0,92,139,0,231,
14. SI Stadium,250914,NA,1,E,Price Level 5,1280,$52.00 ,896,0,0,358,538,0,896,
14. SI Stadium,250914,NA,1,F,Price Level 6,689,$49.00 ,482,0,0,193,289,0,482,
14. SI Stadium,250914,NA,1,G,Price Level 7,1502,$45.00 ,1052,0,0,421,631,0,1052,
14. SI Stadium,250914,NA,1,H,Price Level 8,1375,$0.00 ,0,0,0,0,0,0,0,
14. SI Stadium,250914,NA,1,I,Price Level 9,2741,$39.00 ,1918,0,0,767,1151,0,1918,
14. SI Stadium,250914,NA,1,J,Price Level 10,1021,$25.00 ,663,0,0,265,398,0,663,